x1,x2
5.722606355123509,4.720160933379043
2.242564733460477,4.667737843712926
5.919854968279983,4.199767190094143
5.894422856576137,4.748958541242349
2.957052562237075,9.580916026044708
5.688202285743614,4.794104108048832
5.184614147404388,3.9676082431506443
5.817755222260166,5.824396479928776
3.0527448594004722,11.454024775683283
5.010443930572881,5.168747595228189
5.535812867448968,5.244241743230572
5.590431712327415,3.577034833777598
5.2130299181502915,2.226223946464574
5.43742720564442,5.561027676619905
4.626161558199041,5.286194942554316
3.2959805618065814,3.238009806265106
6.417087234871099,4.904501926690355
2.7331099735296083,10.624273120955682
3.9918093767398943,4.717912669666031
5.669136111913606,4.207746381863848
5.981177855667182,5.0652898753983395
5.44914700195456,4.813828937335882
5.417172093687926,4.389742248226572
5.397739230413401,3.267882570590137
4.576064940097291,3.338424937602201
2.6470754302899735,4.4313273866055205
4.085344768728863,5.522879666917604
2.499817837910706,6.1101776169584845
3.2343239121209235,6.835512258561231
6.254342453901986,3.5148206298894213
5.609938681511683,4.3294387984867235
4.604724490274052,4.086503748801944
4.214791939573089,5.38614690099219
5.039959129599397,4.696065323479857
4.535935956382675,4.491879007584313
3.05559684919698,10.136130002640876
3.1247814470151143,8.198090819072531
2.6724856614621806,5.382895095161692
2.5143417508802175,4.33187298011586
4.413900930072206,5.536113124929707
5.327456660633034,5.849670252448494
5.47269255957497,4.045207323208341
5.136765197735565,4.830489643429855
4.248406440940937,6.895383625476668
5.099453353832281,2.762038516945025
5.11345325242246,3.8512420123803373
4.462972272430447,4.124890357805304
4.284871102396298,0.9649439286481218
4.893198610930429,5.570058590207603
2.840253642625206,7.263233276385442
3.048725973346598,5.958417468235639
3.410163810070349,2.1695127768698073
5.5791485186089576,4.900979274438159
5.433434064131534,5.560455077471669
5.413889930952951,5.391130967197558
4.74852945637638,5.0343925265848
3.5947173096328813,3.2660775967703377
7.167463151493655,6.371067390768662
2.723929744992926,6.390682788179001
2.834163431636345,5.426384062725519
5.688773426782927,1.961721923708891
5.849581956881659,4.103911192224221
7.56151932034898,4.648280838478344
5.737751166575941,5.031183126039229
6.244861126105186,4.07506748524532
4.619540020850573,6.4372590804360765
5.931840284964032,7.201103138754593
5.351746393807249,4.602969200421275
3.0375391708187136,11.390422766924676
4.134777236285066,3.153003822809373
3.519984834100589,15.099165448044888
4.606006079677652,6.144593338827381
5.710439509836185,4.140122184262978
3.0692842448964672,9.444824933691896
3.496512141257014,5.233553201657226
3.356093664071469,5.7319274772690685
3.1463838437347964,3.1601160902048884
6.359370079874555,5.1946362250040785
5.8468794085826845,5.0203080065604055
5.173403546885424,4.282970380210166
6.276183503331237,3.1018546155846765
3.592950215882815,5.226873018012737
5.726530552947151,5.02141090704854
2.6302481258620736,3.578604790643356
3.333605435406809,5.045608834464515
2.5123862612895675,4.719605964381427
5.66252237059315,7.716704241323919
6.432334878044642,5.430719256469985
3.785436439541212,2.077125915923273
5.2357991382200755,4.203042346718794
3.041781011679218,11.457639278980809
5.402048212503512,3.2976785948999674
6.226380282560513,1.868095181255819
5.54142559377343,7.570321980944598
2.866837898512656,4.758630545298634
5.302065802708614,3.6252175911513467
4.988812170473812,4.537417185943423
2.467201144638392,12.37110391175256
2.928212390511329,11.249178323210757
5.206487804466475,4.197410397245393
6.296250816836148,3.206717494644603
5.3872639826498805,4.8988480444383935
3.130220257102348,12.609535867441318
5.7355336374246955,5.357637829515743
5.842499036383414,4.875690732742047
5.8351107284957955,4.733934743758656
6.465654509521053,5.472451014355301
2.9600132448115795,17.567981175976445
3.2825735872576174,3.2012973650551495
5.581359367516401,5.353112300877775
5.215385252410894,5.79727256116928
2.854833126757556,17.14342162842111
5.023689079948624,8.179864488823513
5.214036886200945,5.195282098489704
2.5554297789045393,4.314832062634569
6.265198900726954,4.379605506503884
5.695656800213673,4.1220984602265665
5.195221073868182,5.013908410739067
2.5810328862876184,4.4565496726965765
5.323073989565074,3.7921776146885064
6.622637078765492,3.6645431496401275
4.770934719180567,4.107783146824392
2.9820365960068056,7.909359415194879
1.9487533825068035,5.032315471187575
3.0170831869396997,1.7071125962861349
6.938525473019542,5.042381228696126
4.524648028318557,3.14151206225902
2.876220668791327,3.9608739198446195
3.2800902982150157,9.599952299050283
5.639583913964588,5.661275108883045
2.789180503481079,8.132015478407224
5.633111492317281,3.948504917480724
2.4802497352503154,6.134532448697219
6.08285699736502,6.132315942547345
5.825229098855718,5.653682708811319
3.107278290639922,4.260832245799562
5.777195667586817,5.8659435841485985
5.736410557155105,5.868472321501196
5.820651857378664,2.0004655016297614
3.02007758311156,5.730352140572023
2.42788809623352,3.4989405663784856
3.9591276455378814,4.870179828327447
5.726540037343882,4.041848214104282
5.548908501000193,5.32468165322885
6.579826189166921,6.148495298580351
2.426833624855337,3.6883094116902804
3.7662611482385966,5.238576110050471
3.8009851266040044,4.811752961646433
5.455081718362987,1.5912879235283093
2.698735255004973,9.584795420514423
5.403656186956586,4.585864740789372
5.48878784586511,4.497764272037858
3.002442311227972,11.892293704402883
8.410014023049731,5.566408677397475
3.7817685428481127,3.211221479915488
5.4901699064574565,5.944404972090243
3.176648015030942,5.376681037213567
5.969952932922829,5.6855361331812
4.606690589935162,5.267045547583653
5.271049352932206,5.7166326561616065
2.140083446489992,2.013516436948961
5.013733583379794,5.315727281074772
2.1220030821490554,6.275395475321767
3.190194929381138,7.427515880151402
4.157548348760286,6.927369755230228
4.508658126707265,5.132519385828058
6.488194368415599,3.414925956696744
6.073053319525874,3.6430169331618854
4.311114214489314,6.651991837443339
5.289939970819915,4.718420321436521
2.9734915969444238,6.586804089142543
4.851529204500467,5.149484100739509
3.3031487920435225,7.086504307044863
4.849452751734344,4.555171115669793
2.722221250667505,5.026267922207089
3.1096383119674273,5.101625850093936
6.70240504695127,5.585139457461077
4.95862984305202,4.586245620390769
5.962649781984788,4.204556205686014
4.75891475055974,4.854190676557657
5.496450119045429,5.451488126913869
5.873338151954465,4.0578147315906605
4.923140229198659,6.110390972357463
8.589957410913662,5.317410448799421
4.917169330047144,4.432793163022997
5.491356278554506,6.4478097114496045
5.1651236998132575,5.170627083619082
3.268824165713823,4.953956553589365
5.297447414134705,4.518614795517783
2.839406929640114,3.8817887800544395
5.23756074592898,5.779965739457589
2.853057978480483,4.204086442286654
3.0066436700413552,7.229660960421496
5.160661169052011,3.055020141188395
3.1133307312469967,11.4645340225488
2.9939717747952246,2.8270021646679684
6.853227172609738,4.400802264967077
5.916066080728559,5.926774600454792
3.305279333872366,5.089672538645518
4.606399532409185,3.4625570508733587
6.186627570820237,4.344984347340138
5.366705318182697,5.347942228821882
3.325758012596901,4.48219999730203
2.7897043618424346,2.41252359160799
2.526107326427897,3.9288424555824744
3.6689498110179004,4.367022707784805
2.825615089544124,6.010864671509404
5.664658865972717,4.43409014489892
2.83465761975264,5.9098176273966505
4.920893144361367,6.7690833257701195
5.502252532754675,3.7681130503361837
5.758008294059649,4.087921489810206
2.9798773991459537,5.346842661909799
4.65651688069573,4.90851336461329
5.348471907317156,4.4106796774321015
4.577751503094483,5.628068019960322
3.018104361617768,6.884904474065967
2.842699881960123,3.0215063348196467
5.259122676317706,4.218493980296289
3.9704801244551193,6.374748683230655
6.593267634541284,5.028149910224203
4.374173070725953,6.124932835704643
5.478226715317554,5.5600709639216
5.8311066909531934,6.396094645652369
2.9949843850479962,6.041024216768161
5.619829348279479,4.18977700581048
2.9902213884220052,8.267174612603704
3.5952233055128504,5.392030398057523
5.92969804524521,4.245931190630541
3.0714283778750273,2.995072347571084
1.6156050646444993,1.4499358330821803
8.214025167570501,5.205355682251457
5.0881520117143335,3.2678022867089878
3.9031225553231055,5.410368702671538
6.11287822436181,5.055689918554921
6.187235607995208,2.398031403860801
4.33530729513489,3.6058841562465855
4.558062519031418,4.459864871571994
3.430582529475708,9.540643463570976
2.9337290486235204,2.4697908236065276
4.73530696709586,1.5982721581106611
5.467050981095558,4.580295144154598
3.210541464780058,3.8026173520437947
5.991414656914683,6.1178344005497225
5.225256411219518,5.2332004347093095
5.293456806169553,3.4919594535538288
5.615386397477638,4.633610286911577
4.5603115677226835,4.622764325903726
3.640141182766919,4.8500643995324335
4.204691005820197,3.9889673132967447
5.95072335016768,3.810835300727594
5.065141318837548,3.9786032282759662
7.675930822250759,5.466492816749508
2.6582548826193597,8.130695159250923
2.804063185187429,2.889217340779343
6.037420087851304,4.05760849053171
5.152743248465114,4.4672035470593405
2.8429857540807837,9.167240177007024
3.560100755145677,3.442778807490299
5.809488924811123,5.883399568932427
2.766990010898116,3.160383859031839
6.571374269974373,5.526107750448543
6.090409874822559,4.586890047203285
3.3444891613579735,2.4213019004628444
6.116921230432717,4.809682634308947
2.752880794494511,3.4637407973205794
2.8831892927885967,7.507064433855026
2.910965560671404,3.803070788780537
3.2935644669667834,9.562871133292887
2.4291762247448663,5.48052028296671
2.6128883906535556,5.775469595124642
2.217238113381125,3.0944159685287413
2.7611986285603884,10.369470857646817
5.385447615866609,4.73096951573934
5.197180124170833,5.636077950574789
5.620081204766421,5.341690885958164
4.458836669304619,3.6707012770782006
5.2068104292821475,4.795730512192701
4.858727685148006,4.626634180476232
5.186904815437138,4.395057733638365
2.8008709286839726,8.305863684545384
2.6006452290379865,8.171810057036637
2.7642398183783348,4.848373063734145
2.0408732460794967,2.2062006566253323
2.326609929356562,5.507661768888718
6.365199907463624,7.52835647520895
2.705208075161203,5.96245031912485
4.446763185237427,4.461288103450932
3.4310417323708906,5.208641906487007
3.3136676177193696,7.323140520946913
5.1250524843098315,4.1971140428243645
3.1051523706770157,7.365606414428209
5.766116343132457,4.312903191804432
3.0508392566047493,6.798676782544916
4.567813401122307,4.480508089560004
4.740300323720874,3.8538794351015135
5.751658682027093,4.844060225981767
5.106297803350306,4.8565482218541645
5.2649428721155624,4.846853929131216
5.870964959854465,3.4617745502497472
5.974447740541753,5.418027753723772
2.724706659430434,6.634201670467505
5.286121114860275,4.188703665213251
4.7526117884058445,3.0213343331106435
6.08968115634654,3.9916513999675436
6.310094560652858,4.229320740327833
4.950988517809397,3.573306578702221
5.826750660769257,4.106417748671932
2.4136500846136015,3.431521656205523
2.572175472812625,3.5449091360284695
4.176427641544654,4.7204088464824725
4.984032331097315,5.479732515522512
2.980433412061602,2.4383994914707388
7.035159500339407,5.732710942769356
6.360706146151933,6.446104109943138
5.805688612640243,4.9632928043810045
6.427099743778067,6.073009285961657
5.388008918127115,4.089087338233324
3.197866917085692,9.62586933186186
5.349043392791542,2.17882214261081
5.2949751913180805,4.691089966785027
5.917210604143438,3.5453724029638973
3.8099956392970085,4.725145895969516
6.102550621035864,4.97865358092944
4.918766957337362,6.356188068085139
5.0475636950070735,4.036418762896074
6.015706531470353,4.0362230210045285
6.607775040062354,6.315236628744281
5.149603694540529,6.0780317943269635
3.1663339568621076,14.71549844448501
4.921435675703043,3.8769924572767964
3.0937423475817734,22.6268091872381
6.060502203458151,5.906285386519303
4.80195040184656,4.4940182000112125
2.7907328248946808,6.21096095325999
5.585314725192297,3.293337434543748
3.006734655381373,6.64410233308243
4.466927597489426,5.1493379184464985
2.898074987001885,4.969868191532165
6.309147944778692,4.278690089462117
2.9426488047706454,6.153140304595233
6.244819045395312,4.382490793369715
4.9578601995823215,5.249046128955683
6.695883140400606,6.205540564480287
5.435652880727648,4.307328706648144
5.01506598859453,3.647488431906493
5.011319690153524,6.10676859211856
3.8486057987042743,2.8813406513802073
3.5334691559334086,5.4826354994557756
2.437578129271057,4.9074685841554135
5.2817577608174915,5.67843607640868
2.9069165529180565,3.1780846668447946
4.140824190745331,3.3509336686408018
4.59345442625589,6.324736965627252
5.651587599464573,7.0178093716058925
5.250641275099517,7.447802753592907
5.780922209119287,4.574360670116827
5.783952156747267,4.001441327095321
5.251052924735307,5.022480296153736
3.1906691860957133,6.110562740292767
5.719853694207319,2.5535703004516175
3.4030988080400157,4.518270730714134
2.4347320061532685,3.3625198965058662
2.831815718841738,7.3253808331399455
5.386576636650771,2.1314698754283636
4.289887832644036,4.3529523605912726
5.811147653029188,5.454242985318491
4.915167801953242,3.301589521038059
6.811933639799956,6.158222668795958
5.593107931179067,3.9113279596773647
5.493388212075721,2.568066809956296
2.8665880818485885,7.862402996083305
6.600962396812347,4.6378088659450185
4.927909239931609,4.940145602304148
2.938185837276585,6.524263432877117
2.401449715639102,3.554767330089334
5.358481409564508,4.911429373800064
6.106647823910425,6.55356466849423
5.5206378513025225,6.974891085357358
5.611862079163102,5.125320968053051
6.268824514067791,4.765200605885582
4.531905319870255,4.058345740601104
5.023462317385011,4.733413081570823
6.171974909840874,6.705940278708773
7.826007381782059,6.186891344599081
5.739562108981543,4.021657375138455
5.480969938278996,6.017333383434351
4.777760329423555,5.15406483644587
3.2765064184456945,2.3174533274167075
5.470047031161418,4.845523580995034
5.2297707619856215,5.829227580626181
3.167482200347152,7.913265486087667
5.036309160569662,4.7833067459440795
6.029407233566397,4.358362382837629
3.1538024702004797,5.462762370170349
5.814685304806055,6.673974495271047
4.945579309356366,4.50796620760535
2.4800821249359766,1.4012383012900607
5.61344217557435,5.454531871868811
5.072687542652108,4.672108937368788
4.770707181775501,5.13542598524553
4.9607036183316335,7.151633273290122
5.673344078012807,4.535299918450476
3.0251141905709678,5.932970613340339
5.405128147996801,4.867617509031114
5.382534066856023,4.4152396294736915
2.753799717917614,6.673252204926056
6.575109607211364,3.4840661414086274
2.823938841798288,1.7843443278008044
5.798465496411548,4.380009082286622
5.322618163822258,4.265347142318395
4.725077106005375,4.144556337330349
3.559794657579025,7.399277603725487
5.296496172840285,4.4393788598792305
3.0478830260932637,1.9970491208517598
2.5379524840908987,3.3028085496073705
3.0900089021934907,2.0070618866098657
4.901649941207742,5.771524509184776
2.4548436228269104,3.074327127964061
5.050779766622959,4.022852822445144
5.065295777572665,6.042530394011808
2.4448178943781125,2.3320882443304627
2.762290489156385,9.591379670167388
2.8548829244245106,4.687098427316956
5.98508073670299,5.162299844726136
4.8115944995297655,4.4538770885845915
3.327981143600532,4.080587484569473
5.92988203239804,3.2358461412363093
3.1286459230604096,10.107222164204437
5.696013305529956,3.339405981200142
5.688566242155513,4.714349109820596
5.033164607791049,5.071584807845888
5.8574635670502015,3.624471820985258
4.124925753997426,3.970655389435603
3.118042356917884,9.814990386959938
2.624839505741781,4.290141032320033
2.8492840821394108,6.449868316330885
7.42976031619552,4.760286221469198
4.981869355965616,5.248755297883864
6.196410924658485,5.067135877905253
5.997882915831766,4.616762457261947
3.099514398976608,3.7354205033323398
6.293714664070574,4.753797680536202
2.8039357780177157,5.134936191539791
2.8787853521564664,2.6368993170728126
5.495892509791755,3.5378928912428935
5.4047941214949775,5.273161605041468
5.28398023024461,5.752218996652669
3.117908125633977,7.0059317485227
6.561098752136123,6.669371151628888
2.9232781966539916,10.332783256763506
5.776300590177309,4.8820719962273
4.9064013005163165,5.791671435624638
3.052359944238186,9.320034528999809
3.47519613459527,5.617042170629891
2.8931365773000337,1.2931693102692223
6.1282094569288175,3.287999985422209
5.074404711298477,4.134622339593491
5.3867473770101055,4.873988472872999
4.306979263817965,4.611123302881161
6.013469373424231,6.366679178718282
3.4380461640746285,3.624154350263741
5.123476630403388,4.409437685542998
7.297386885797923,5.2033645246957105
5.812259617020573,4.846449677829962
5.997515389192003,5.518071633615082
5.697729324399571,5.17668023412991
5.7953215399984375,3.102653251279732
3.174615380621386,5.13101707977364
5.746731178010329,5.313965152499215
5.082398286654412,5.13775369227713
5.639114622313915,4.705847565154436
2.2871200980653454,2.1180721953604382
2.4280411304212564,1.8565711346294478
2.829419472551722,11.940491962381175
4.657057747811277,6.7073620136715535
8.833292001949125,3.7956330514659564
6.122596326884365,5.229397945523384
4.653719663214195,6.718209812430197
3.218838741353001,4.04284717219185
4.853928122616455,5.895780511037257
2.7951647018075705,8.708130202089617
5.83615792943766,5.172031136780468
5.748027824129092,4.30791384337163
2.9764053899181104,7.321857268154268
4.654758265303335,4.979905451624203
2.7595797678343748,3.838689795277404
3.1523417425774203,8.139158900382848
3.4138660650437607,5.764108223683774
5.346984295866465,5.611061200073943
5.128866681421178,4.211523174381786
5.506700929109019,4.772507188385074
6.013802180700587,4.365917926919854
2.3983349633340167,3.5164333139483968
4.979439266303697,3.498585788819216
5.937928270385979,2.221330358333949
6.731887446397895,3.17668285647721
5.319836206287007,3.5757747289019575
6.192669783918377,4.111415375243038
6.483373859619178,8.208160913916494
5.475714255600365,3.3714097840881534
5.10674244300046,4.4345098053691325
5.4702497358566315,5.473766254056195
1.785241365799573,5.695377147860649
2.442871767458395,5.426768922217504
5.402475074397784,5.662647364031804
4.7075800019836835,5.1297823224618435
5.218608797659145,4.575805111768645
3.710680903387182,5.7805411094965
3.5744470129929407,2.3870809043159174
3.125706193255138,3.005050079090842
5.856115653066023,4.592953459464515
2.8736595037347543,6.222003815415947
2.42298965482039,6.511257847912171
2.9517127023729133,6.24163726289874
3.0350513757688815,2.0278741833568805
4.421232665986532,3.59730932259691
5.759205981267332,4.1886657677297015
3.0074618950643432,5.963580628342911
5.879525282761104,3.7872530389542582
5.925839936614525,4.020094172688072
7.2555812866966765,4.932657347190847
3.0567862641773296,5.188566145301838
6.260476866695532,4.660976542433665
3.4923090701459376,9.151876804722463
7.697804661469874,6.221356129313342
4.761911613344066,3.4459322737457905
4.807694525982844,3.983782754024433
5.810775380229938,3.2172651055717223
3.871251519541191,4.915010199063251
5.2601595116478705,4.595821206587341
5.20138116783683,4.213037402694567
5.171173495833923,6.526303199986439
5.132247146178481,6.250369167819043
3.343285545954554,6.530104092971509
3.1557234622026495,12.707748718201874
5.6187434840222386,5.17629262109646
2.672142336594564,4.305455526285348
2.770692961920277,2.5024250267017267
5.898025308743164,3.2778661019167004
6.519386844408943,4.384244376652179
4.717327577084039,4.949442964145361
5.922992089878396,4.073794361205865
5.239332083898998,5.682197330599305
2.981046205089919,12.51995973852803
6.84497182093089,5.003705350797475
4.4413895018297564,4.435492834386313
2.7886594170474472,6.730754895867836
5.870683265465452,3.857079232090964
4.216857809075276,3.597904003957235
3.9388090620948004,6.498420275650323
3.15508015401155,5.207198742586917
3.143758722408435,3.081883568329756
4.794694949644537,5.17489191791393
2.630485365376501,4.337207457260403
3.4132440584036248,4.1938419161148905
3.046459158949025,2.4247463856272393
4.707824523729194,5.704411668556098
1.4945089145639323,5.568311308965879
4.771812817155623,4.518559977109491
1.767526966104982,0.9841037350221149
2.982138720802904,4.1314735038411445
4.231784997525997,3.471564363695279
5.369086403432127,5.1953868539788015
4.654277951149074,4.437849579024718
5.261020543716217,3.501897646910673
5.558918037758816,3.9276743998521786
3.0691946463743927,8.258013527212459
5.255916026031422,4.504174746187973
1.996387283509816,5.922247941171937
5.34367873115345,4.686057545252148
6.634806284642599,5.183468126631814
3.633607543048664,3.530142483892865
6.057701331548473,4.579982969969074
4.662526842512322,3.770027223020225
5.316632102852074,6.613440960225359
4.701139141062879,4.247698353289875
5.287320786826734,3.617238393907174
5.109772937745667,4.614673167169103
5.318363128494751,4.946657037753272
6.221942214476204,5.606733177411726
0.7774092774225423,5.545242204428456
3.209030547130535,10.829060829510617
3.5808658095171797,3.5782712585513012
6.3680125729300885,2.645728613245414
4.681190348527901,4.062438286894619
2.9219778329679933,9.354504984495286
4.733458346902996,5.410971109030012
3.188337343512702,9.662578515986102
3.0815959990388886,2.6301150572648577
5.135692818730357,5.498171790507289
2.6796508618774384,5.7045764170575515
6.079524150865437,5.0469761962994975
3.7729948950975283,4.020621995810708
2.6292717158796246,6.291383190140491
2.6310169202377813,7.354825074551198
5.133302832660975,5.690166033690661
5.6724158547385235,4.059102309737202
5.8842418686702995,5.19321938070411
5.764308360777291,4.51025886127067
6.450887134555097,3.4887773135040954
5.600284569283425,5.3456286069234205
4.777352525884435,4.457341886735703
5.521086849570575,5.199174156779988
6.13888318179583,4.186384147649292
6.322018157682443,3.172166367086684
5.658759089251449,4.577726721365534
3.2874229602364466,7.626865961616948
4.666463543738335,4.204955885469729
6.50538856243602,4.834800840869564
4.864469550861832,3.291912294586675
5.667372453446396,4.4603901015342196
5.400983400780549,5.276225446402593
4.7291693277086875,2.4074601587955815
3.3731325270823866,5.136823625101107
4.953732008113942,6.652019623763294
5.032956631291202,6.027049458239208
4.792511351846476,5.613585516011376
3.0944539990105513,5.84373110108033
3.3487242086559044,9.198112138263188
5.8126041297999524,4.417544090272132
3.1100307288675086,5.498635867251846
6.2961075678795275,3.779805553419126
5.125882336370268,4.356244386167694
5.730425423149835,4.675728358068411
6.208690270311276,2.797743231021444
5.829360143508545,4.332392991980874
3.2783995288744663,7.202152641432826
5.490280616687013,6.619435158073292
5.434357031188393,6.178792739849862
5.194202095810441,6.329712790749236
5.744557168121525,5.364096039351709
3.171133122247952,7.978889816247166
7.036387116362244,5.389806720538522
2.6782430261140613,4.010954704997551
3.4400572608587785,7.740354863268987
5.6069048523186655,3.53141792731763
5.073403911861577,4.607365937850372
5.573144773054259,4.9580024341941265
5.465711265470658,4.527413052692783
5.316150189376836,4.50998974107638
5.17804289381811,4.739834095014981
3.1574957568281774,5.797626085840759
2.907386278581198,8.678228334141023
4.795333377267342,7.256809491469999
5.24712894771153,4.0152639227655404
2.744881522058699,3.430758209322143
4.5733589548885165,4.364197443452369
4.839932675011251,6.640493414324537
3.0630968002718046,8.28114735345325
4.571598233866004,5.543807247917906
5.62419703252327,5.025922297986109
6.11817158130547,4.933602304674547
2.4350505615409386,4.374560763880016
5.274521586739941,5.815829359747088
3.8583848621776253,5.7574238180503805
4.5679489839239285,4.794017449493991
3.1716991573861617,8.302793727014201
8.016744535279118,4.938116764872605
3.0987386360128406,3.6552552536835874
2.7316883068875213,6.315339548397941
5.1030052860840405,4.6990930085219285
3.111282611882224,5.545557573202517
2.8266026375855695,4.5247445084186
6.098229535302256,4.940253821039557
4.657314067591653,4.413617574039483
4.6517156522121965,5.004872286719075
4.886747203488725,4.748284606791586
2.9181712914552262,5.220871252108761
6.240026145121537,4.466365750840651
2.7368805729237913,4.137638218217509
6.174679086157283,4.841700826550275
6.077366051272581,3.750358964864115
6.074601568835272,5.187917945913622
3.964082830467579,4.599001521197615
3.307109495662676,6.9893595585816115
5.113580646430117,6.15972713250129
4.863695532099473,5.644514088682196
2.9460535851491865,4.466151718565904
4.240752391074633,3.948072178020177
3.501702586417958,7.091134835242788
3.777327829631765,1.5874443590983622
3.0873280742254847,8.23840525563103
4.669243009485108,6.101192533379199
4.767247171910549,6.098971662440872
4.26357403824571,4.129468027270585
5.219859642850928,5.499022600717744
5.253331142700015,5.346100334544903
5.8072349336522215,3.6696998573606834
7.323338161311977,5.353750478372495
2.9937982164209136,8.317272653706986
5.957634193323273,5.544951525169212
3.278027308382891,4.609852339852445
5.91074318004785,5.719275236920321
5.565978650664619,4.814859888894792
3.36939000924608,4.036667929530456
5.651882037758596,5.1268665856999025
3.467139167033813,3.667854244308354
5.601999730555357,5.14135583958598
3.327986137606044,5.934623294391682
2.653273847231825,2.863933339056173
6.12495014336533,5.290050091663756
2.9790433889568555,6.8272512564934935
4.686396096724786,5.442783824506363
2.2695705444427263,3.11093029121672
5.112424410579195,2.4072834845977313
4.808076753077207,4.468726524913613
6.320965087926849,4.8767020176048845
7.906883250602496,4.105727995846444
7.901701426898992,3.550758519348684
5.563626015148608,4.125915218053031
4.4661385341167374,5.356486714921639
5.682257829636425,4.077889517855812
5.011595753462514,1.7030052743427246
6.0014984502253625,5.700857973381289
4.146472141970583,0.4798234601627135
3.85109126348173,2.79715061749037
3.44856147298554,10.59684010097585
5.941098819971589,4.9743182273701
5.777697453721157,4.815104234421463
5.512122052252193,3.8987431791887674
3.4825486296456862,3.6274857828256026
3.0347965645978308,2.6483407491478066
5.557906341461046,4.284346291159386
2.338044509112114,5.152694968804839
3.1747753187944197,6.068595887022072
2.759775729242187,7.082046387653358
2.7987434343822817,5.431935764912876
6.099346072503274,5.711463651567547
7.56260290424331,4.314293378927027
5.309457322244335,3.7106648025980484
3.175328446153719,6.385770241918313
3.084452362048009,4.542622864759958
4.526183270123486,4.481154686718822
2.7439739394895466,1.8173345700950965
6.131741672091157,3.9676296135841773
2.8005943915479086,5.306337024227321
5.656831428933632,6.017021806418191
6.4015799553901305,4.157187727782389
6.412046852312092,4.955914862892203
3.0321770397306262,7.646945966580056
2.825773018840951,2.761683617792315
6.189956400348537,6.1215594095022015
2.6825699123706155,6.105519549076773
4.540950667518234,4.291488513181082
4.20813120555574,6.742313846196233
5.434744475195357,5.174611847501205
4.629126935967311,7.445978611438028
5.023112980317456,4.191891238322137
5.7719536012957064,5.876973660750163
2.937421156057074,14.120928855814885
6.845563532365757,4.278937885201207
3.106362546392991,5.096934443065188
4.6130498787672645,4.78575545662909
5.183183957527427,4.928584341523642
2.945073724773522,5.257199442683537
5.2062941300574455,4.298774007368564
4.957360970169033,5.025663812636765
2.2345279890665593,1.7049367903584982
5.620580278731522,6.452088132039314
6.189443349803105,5.234062356079032
3.438908903442043,2.539045934303436
1.9060280296303806,3.133876519496353
2.884565723851429,7.476201628765037
5.854262027054908,6.2310455439079515
2.7421404410307963,2.8924435554832977
3.0927816562595773,1.275317636955681
3.1529170037846943,6.7454081238327435
3.4368064348004514,3.327043644756804
5.598665065473011,3.2179784503788778
2.6199308824208973,1.7567040502498668
3.1422493123317894,3.871853262907933
4.316710618321958,4.5632044398921705
5.065694204778858,6.739681744057712
3.146617748744022,8.003037911237936
6.206762175900488,4.540818427089783
6.740078162242552,5.217133922073585
3.067378379459525,4.2231433484157215
5.005122107129589,3.8671306167714112
4.902060685864232,5.824125435835174
2.5462084254432598,7.112641798946819
5.4671767275702114,4.403232011182463
7.826257544005506,6.001709220014838
5.807133984012624,5.635989473385922
5.298784561049167,5.057064914176863
6.335473477617711,4.7356343064866
7.512912021363633,5.815004019081943
4.595091697032842,3.5482945862346016
5.549836103773418,5.291282098922915
5.181259275341423,3.302137029007839
4.027577589452299,1.7103890275072144
6.10554763275786,5.491054604808785
6.818674914304088,4.789170286643833
1.9255748346220813,0.8966098450894747
3.1235179019861983,5.7672459693087355
4.799494008581721,5.170045528560636
3.1752528226819594,2.4755970716413396
3.081506143384637,5.718256851215985
5.232699879866434,4.386289766052696
6.389008038403643,4.583922165473152
5.420583641765873,5.8471669173692336
6.261333647529816,3.529784377902521
6.168683821451206,3.3917200553341393
6.040940567000714,4.97950443782717
2.8546873565999342,5.792030269986368
3.2526746461811133,5.359484350689547
4.636749787198823,4.550945726538635
2.6442524804128924,9.619223610893314
3.5028608180262824,2.9153942473459336
6.012843342116732,5.312430118493036
2.989797916406192,20.817279640153266
2.8456881155837355,6.676309119809329
5.087722678933548,2.1740915950653306
4.806997025754234,6.44771298327407
2.87251691011375,14.113162888232809
5.867255455654309,4.489545988692286
5.083929049013031,4.084253415375828
7.368361768403948,5.355376210670096
5.265838813342921,5.327169249680282
3.1462758502003676,4.295646411871966
3.5194446066357274,2.1513386619479618
7.774695019258534,4.9570589170432555
2.869819573383849,3.476276362614597
4.944242172512705,5.142054650548697
5.877634578785199,3.247666980763601
3.2614430145906255,4.458237892375642
6.348174811791662,4.548769111093573
3.0091486207183147,14.780255458210364
5.9612278666181036,4.852519910317214
2.7319261329847944,5.545024307395071
5.102447348760127,4.067406999078558
4.272247342302904,4.322490883119364
2.085972017314443,6.2870922599469115
4.738520618002765,5.96071888754091
6.160252353741192,5.851460709180625
4.092594702512488,4.1985612202448035
5.156096241494776,5.460089514266075
5.3949721135009,3.7834761632746403
3.3312680446471665,4.795640563463717
7.493954742734254,7.0937788508227175
2.9418010497437024,9.822404492785864
5.019153000623201,3.3049603231686002
2.651179538944463,4.645552004023718
3.5371972131874996,5.98833774121152
2.895058720652873,4.0722087191519565
5.824674557112078,5.244734291509046
5.405304481471687,4.363430672620165
5.838060967650037,3.5504251734650434
2.746000123708434,3.7613576976923437
6.254943127288552,5.054303305739806
3.235411713863483,1.6564598492249982
3.0435499886545547,14.51512957821556
6.0292905268671895,5.169136441867521
5.989964554848594,5.077077590930211
2.6708050286494918,11.673812517615072
5.102633834835014,4.5225813785922915
5.439127771444543,3.3128828434322246
5.378125026532359,4.56101723177247
7.282888719672778,5.546959515016038
5.947273366255169,2.3330825219671025
5.8171898272478755,5.043886630316726
5.411528059389331,4.992257077071148
6.048593037078117,3.8642699201548747
4.905546544587315,7.083210959059034
2.5288271301839758,6.14299668067422
4.990693070800296,4.949732816613834
4.62835016114632,4.406312458350376
5.400810028700702,4.635370614347442
3.1396579924101826,4.623502962205355
2.7579555990039393,5.672837571877675
6.292300094901765,4.025533049644662
3.147797541396981,2.0881795099557205
5.853196475841168,3.4438458804578875
6.875429716303099,3.152910414079697
6.038633951858344,6.786708160931873
4.932965680288336,4.568461217902232
4.556748936620781,3.7984805340812784
7.419863033262937,5.244278282275909
5.294224152521239,3.2379378234155443
3.9141731062979614,5.034157943540789
1.3126283067272495,3.9150386965434234
5.1402265455209335,3.9129992660860915
5.4488764535571566,4.273686544528756
5.051539211326974,5.845675368453322
3.2071675295487374,7.104812138606604
2.254567241824842,4.6188446922975706
6.427911265148012,3.548546675626728
2.7306838448298683,11.135354893094352
2.7050454607808,11.451029299339403
4.881101890268785,5.085211947645296
5.32411347321489,5.065974503106004
5.420163958588759,3.91775620386695
3.9051679335718408,1.7109863682273592
3.0795293060050803,9.771048552077733
6.418211853706712,4.404514806576731
4.693205094020287,4.832246592723857
2.7953617749358566,2.098569075905738
2.3243050626528565,0.9552280084374078
2.8857477907465228,9.98002514791296
7.4244999001138385,4.769863806888362
4.757320106466637,5.854959753164689
2.5717329783751586,3.864135191334742
3.2060327864984033,9.192297928192007
3.124259725209127,4.779116793449141
5.77283186137199,5.018181361586764
4.893301662795399,4.474871971755261
4.355507508956724,4.8610881872949
2.814096607363255,8.728893348525936
3.271641158795027,8.102963896042704
2.880619634454266,5.631042272947242
4.965058043209371,6.358054695313463
5.6000252645319675,5.2607722064159335
6.353428962083665,5.20081054902977
5.220667886478234,5.161638872141035
5.18445027497794,5.705992275127961
4.853458195992105,4.763558011395268
2.510634712035395,2.27281390209866
2.8573321403139333,4.464281927368402
6.199827906528043,5.554161485082173
3.941203325369948,5.136699203327212
2.4542132607696465,11.558644615955217
5.525693335218093,3.566718772663247
4.648804688654485,4.968086708580872
7.107802744586208,4.168634301202695
2.9720392443229415,9.327818583920088
2.94398990278951,4.61258061703197
3.272596246898717,4.57685621905161
5.090285511700851,5.097287368000664
5.205296829643492,4.8068393230613715
5.3240177855877455,5.879688015671166
2.519049496105028,7.691181051935207
4.910897452106099,3.3693423777505993
6.995119961860499,4.225648099111817
5.537902278979626,3.4763777304500136
6.134472570716563,3.683764998921274
3.3388516236385146,5.878455274278673
5.424161688453356,4.600530207533099
3.2658722665550624,4.763061701831176
4.997526280399853,5.191801018931008
3.327177653863814,7.322200498919047
2.986088545268374,7.181222514773612
5.704175789720819,3.3108463446714858
3.381052065460074,3.5398829204372846
6.4510848961620075,4.378623391952489
4.115402837961554,6.2131232504654665
2.59460489624766,6.5854041980825055
4.949994923125272,3.5003292919911906
5.76253205499197,5.436756031220887
5.190431978529332,3.346170457547088
6.405565085672286,5.208665898963983
6.076429430543835,4.7114472197436
3.191552277613048,6.928390641219176
2.7647870624192206,5.374520119410041
2.356511174794153,3.2930134906950035
6.38815964902029,3.6962684440536795
5.289577576997363,5.506010427570608
4.8219069070345855,5.176194689343492
4.988166387395057,4.338375607536181
6.278540912566572,4.306586668832647
7.100328245255566,4.6841658316801755
5.029003489376697,5.758728020654335
5.033749388104491,4.70209168571469
2.620062146809436,4.377096070125715
3.0023140656939247,2.8565887627858837
5.5524316329709436,3.927353848810507
4.957540432920059,5.893818353557584
5.451270437243278,5.052230749145912
2.774668773674354,6.691092120741062
4.062585397605128,4.873762992726736
3.202849780575038,1.7185669554920446
2.63437655549998,12.229618298250672
2.5432105983216737,10.842084271346097
3.3661267661773895,7.0252294096789605
5.539168229976563,4.8480135107142255
5.014547629313092,5.864585195527656
5.351927203904554,4.436422597977682
4.858797318130802,6.808299094493722
4.778621020360718,4.76231636159472
4.7581240540067595,3.68335857134199
3.2128077623462308,9.018615515366672
5.615968754314294,4.173735127322216
5.599179583659417,5.0108155891994555
5.000536074428406,3.42140294999894
3.5338468328375745,4.469333110260907
2.7481311735838196,8.677964990788052
6.235836650335439,4.998881805948067
6.6063059767920365,4.96687394063799
2.999129181618435,5.932723475879098
4.31460961412015,6.226534745606595
5.294165793761503,4.752415461558755
4.931589288743286,4.824340455442775
5.593297072254014,5.908943156536463
5.4166022669535625,3.9305427867894513
3.327481953594578,4.84591435880445
6.155834988408417,4.072963767936384
7.1936957389792475,6.255382460907761
5.577682873057796,4.39775991055294
3.1395825868937974,4.509738158923317
5.129616698117729,5.173726456651291
3.029664893406247,12.482919843005613
3.431932121793675,3.2143225187130167
3.793548555985214,4.504751379806344
2.7136941896621276,3.2568872556398114
3.0071632519304807,9.47236791404355
5.637217784697105,4.793709466135157
7.565010149204357,5.241139692000022
5.626348244388805,3.0459211789793788
4.621518175165861,5.718347961330837
5.564983146057998,4.554237935056861
6.424536002423612,4.428550429071736
5.629584936475041,4.635629713490566
5.310334965606898,5.926560069217058
3.3591061819364048,5.0123454574261395
4.910246293957445,5.937343225676157
3.42401503888743,4.016419503073189
2.9957858320203226,8.969257565623192
5.8333093144814185,4.25784766449958
5.729702776671042,5.0809258677279105
2.9107670156128433,4.671830226794647
4.203656233454013,5.477119537879471
5.807067762058353,7.3535772156733366
5.346463970573746,5.7309377962550245
5.342841285383183,3.6070876261027176
4.544591231188916,4.351581875031594
5.703413927414588,5.3119601713434035
5.07290916265638,3.8530372717335704
5.392827806601436,5.003251370598879
5.606419326249941,6.13138676195831
5.410071377853361,4.226197381187024
4.887988571039999,4.797351006699792
5.528124412254857,2.971530581168455
5.920363714085209,5.324475450165212
5.759174527639335,8.101885803744864
5.8811712797157245,3.593758350328772
4.826509624318882,4.8808749662836695
5.734460825920527,3.94927876924377
6.0516191046165435,6.6453326681979625
6.378812748476416,2.8443931214164495
5.796766277247895,7.571930145241675
2.8991211757103947,7.465620863770521
3.0181743925385427,8.037606320437774
6.282894274619492,4.408034257537511
5.589305920447392,4.181925371018854
5.063020574938559,5.2065931575594275
3.0164294054385823,2.1929687646796
5.880264570104941,3.8453980867282507
2.7788350750704573,11.236069725274001
5.366707557688431,4.527142944573055
5.28013849925838,4.086186516594027
3.1999996418018646,8.035987298894458
5.200724632619833,5.712014598136794
2.740921064188181,7.101468710091938
2.9456852502824926,8.071923811801819
2.9187875706050845,6.609893389632758
3.111174971454973,5.187682112094546
5.657297501015572,5.166407882671606
5.759584719213221,3.203019884224824
1.646719601750111,1.226023909688223
5.39856727713132,3.719312748658933
5.81404591408258,3.1864867902423053
5.504183626628226,4.092808356869152
5.561191161802408,3.305720050373661
3.257951011598635,5.964348623126327
5.096517285988689,5.526950417970619
6.743447697107609,4.044117411972074
5.727310511783744,3.9928329138559886
5.104996355101332,4.142219998008152
4.2829103507957464,5.0796183236469385
2.6655825988029758,2.0490720169934233
4.2272057458831975,6.486150645860495
5.764276741774165,6.615406363782773
5.428229776668991,5.296918662452962
5.146310525717336,4.44079752627428
5.83736103062512,2.744646491447755
5.7719658470916695,4.0348119717691135
3.3804030715629763,3.128298513600564
3.230421957737418,5.111959241444378
6.386259890023683,4.4396485075777985
5.619019689558189,4.381198929737271
7.221084060435105,4.282499577771773
3.2208937064264216,15.250948268371118
5.932194471339466,3.825003618590755
6.622784712669595,3.4116209605423276
6.316349792733256,6.837948634987011
5.457725820883179,5.87547898577451
5.451911750861936,5.766546705747208
6.251600707015344,3.046482457754693
5.484330446172282,5.728824462922505
4.663400593499488,3.920423279662748
6.401148682106154,7.097510614044568
2.8507840171856427,5.1344596819040005
5.206899661710513,3.3748157426688494
2.991113555919647,15.105289664681601
3.5513190107366235,6.0249137289735195
2.5084145594250797,4.6538379313653016
6.788668813114328,3.5530544785743987
2.898579855919837,3.738875213042723
5.9725404263089885,2.77885441511249
5.643415435073338,2.9966910331358196
3.2634682043104126,11.054801552405998
3.010484080665908,6.934929565167302
5.801412066817083,6.221472200207571
4.7866482775002615,3.7563066522203115
5.333100307343984,4.8383550932785715
3.068629705017497,18.31968901207673
4.866197365635647,5.4381891054253675
3.0257975095106424,3.6770245554334284
5.110632250231806,5.550263070940133
4.306178895754554,3.8426853545261777
3.1782226809140006,11.315761228215372
2.858003435249628,11.65384673639971
7.4902920364768075,6.948426554101147
6.399096204989256,2.415653317672077
5.546363102611976,6.683598244099668
5.350775537254947,3.776171234093488
2.7602448143839373,8.423004129082315
2.868038196127307,11.708437997082772
5.242805490088977,5.473574202486364
3.0308973129499317,5.207260346884905
5.4936219747593755,4.8376338670416885
5.2369036270040645,4.031187329917142
2.9127620069041797,3.203544095042727
5.01155593180628,4.893320871685508
3.2524361370956774,3.958401653438062
4.912365126904171,4.467622150700767
3.698951649806072,5.976964150428713
3.060016401640095,4.747425962008798
5.264210520175409,5.0517293456235155
6.19198128308428,4.72736730464823
5.959902170095996,4.431807954773047
5.264818493179702,2.807967144116171
5.145225266800792,4.496997487281245
3.383780821862019,5.778909529692048
6.461665339603229,4.627688621076072
5.451895069053611,2.640047916740109
5.395725613816879,7.564513318292758
4.828033624366469,4.564594372572611
6.435896036349834,5.239583644145522
2.7656824800749167,8.671939359679694
5.107489797366564,6.056688850916263
7.035528168455867,5.164687619819718
5.6658694925277695,4.387161189574329
6.282885237727207,4.78450855372278
6.163886447757109,5.048473810073231
4.648676530079133,3.2162751119054445
2.7093492285652045,3.164301309572897
5.129737294374852,4.2399916426900885
4.920448453316199,4.374276806980364
5.536466593698474,3.63775052013254
5.3070609436223775,5.083511696210095
2.716663340968682,3.355026746102424
5.7493292048105005,3.928211100022524
2.5219033119631122,4.512240278641352
3.763596958282868,3.5350314336484083
6.775654539491878,5.030246564855954
3.0696758331937546,9.560126082794103
3.0874872600122685,15.038518735387434
2.4381055885916485,2.8444954317456457
4.654667547252318,4.156144924795662
5.885251106927897,3.456284222025711
2.9997012801298766,7.670176242186337
6.079548222047092,4.121662611508639
5.815954833278962,4.207262421770432
3.112510320093226,10.243395029752547
2.9194927156951826,4.9284278960069
5.871950936857243,4.779562373772905
4.668301293828378,4.709946892147627
5.880006761109032,4.195502180457589
5.456158538771047,5.608793539242132
3.5210695047127745,2.1309122658244863
3.6064650625802437,6.188349920605349
5.845123238434429,5.389516077354813
3.4929558076600484,10.996797871457426
5.042602297412351,3.826703518988658
5.501510055072527,4.765070571751727
5.348375485294743,5.255355101449004
5.907123226363876,5.008931873110699
5.5416623919360175,4.183152097624545
2.5304897750210738,2.0344052877249177
2.798208233918987,12.827412467820048
5.410899528568488,5.536429279466496
2.6675747391675517,3.4860181700022235
3.8425311202761483,1.8171755751859564
3.361812605599517,4.149867105139681
2.9591509789340056,5.50381197685838
5.711652242104551,5.623409777448288
7.927985792239792,4.420380032323775
5.312994400629862,4.887974993714148
3.0103685517378946,6.216389341027704
6.096426357476354,4.832427614061516
7.2005393928466255,4.811131150695523
6.141407687111454,5.734223499026136
5.765587221841928,4.54578454133668
5.562302021372711,4.646360076249706
6.1008650155197754,6.323410756938298
2.79641655934298,8.043478232278137
3.245862002121413,6.552298797381611
5.607227043968017,4.679403815195718
2.929095686106461,14.353818293849326
5.413514226867523,3.8981294964490307
6.621893306164583,4.159376292835855
6.521178172657193,6.84643985091144
5.925306794784564,4.909397787548615
4.9453704720477445,5.349220896910919
2.9204730624035835,5.34741440846101
3.1655857917511425,6.758628270158967
5.4556131603112235,5.5769827306786315
4.634152880265464,5.034706067142122
2.947571438050496,6.428748326534241
4.259734659025906,4.6535637478149
6.16819236871596,3.613008644322462
5.63187349117033,6.063278996737953
7.420317333204851,3.995765473869796
3.6676427847716764,6.610900936414377
2.8708704678789134,1.6554988091510459
5.88324485425009,7.120370249042525
4.362983569369816,5.126281137237569
4.065661705770707,5.143301168647696
5.883724604372216,5.308793601905235
3.0047427410482648,2.4859295204164926
3.233666132103592,5.792965579746895
3.4325367481670837,7.245090250383674
5.864034262715863,5.9957721528122505
6.504903874485564,3.272311722561431
3.380468128274582,1.184041200791697
5.245237897363618,5.665656889480043
2.4910483897392224,5.684954556655008
5.457461435951071,4.942445337534081
5.752406715202042,3.57037492764259
3.14803258260989,14.724016172029764
2.9486960419795065,7.587421676642738
4.447941477884541,4.1052460126319
2.7884633457980925,5.597798181343625
5.664997676999479,4.321739961632421
3.1701616137329798,7.385570097736823
3.060549478001374,3.999114313125757
2.597830637118005,6.256553153695904
6.0291414697107495,3.8289100142965937
2.911396266915229,6.854850764848191
2.9823822018129578,11.06992342326301
5.216779056001602,5.343406841278263
5.723930141343384,7.074451394809458
7.1008446364374365,3.4948720573293466
2.839516715360477,5.058598350672774
4.240937755620672,5.421450740555338
3.727264300559653,2.0755198547317506
5.692909233935989,3.4838920073156623
3.191249371468201,3.147466560302335
5.5730478928661995,4.066612144723026
5.373908637762681,3.256673563037735
3.44271057097294,4.81040834560471
3.1242825321261205,2.2462839735965123
3.033682273601574,2.9193503178259848
5.802966253823398,5.314951891039996
2.6278644476266932,3.1671888637790993
4.915867815340974,3.8116420291267312
5.780516398509705,4.615763689751792
5.243920077819345,5.00517514019255
4.9006063526976575,3.600594281717579
6.251177735637997,4.897824442486603
3.003928540425413,4.6105682096877505
5.544919044372505,4.9899831048837004
7.707264955642885,4.746771297382553
4.68342603209069,4.805144687309027
6.651806228426553,3.732911596870024
6.521978485606304,4.803200338100642
3.003363751957379,7.530162505554086
5.514862330914511,3.312609186884404
3.5461753086691146,5.72166195980949
6.53262676789613,4.042607273925608
5.547941479637532,4.373664566967865
5.034050594796318,3.6184208264709223
4.743716463867894,5.836922785624126
4.384875791452218,4.750965294056197
2.543034430937341,4.475199855599396
3.4022280250230104,4.351641586375075
2.8636343306549894,7.826850350605558
2.903409063484605,5.600952726574777
6.069985993031462,4.794252153153772
7.486344301866506,5.072924891717133
3.5825227627308367,4.685228050082008
2.740896193236857,3.985840307859788
6.923810908394572,4.857517575613395
6.138629778606024,4.68478328640081
5.324931613012684,4.482344341213517
4.591456485439924,3.930817016961394
7.673896257830396,4.904652161503944
4.949118439889485,5.640894158542124
1.2203903945954035,5.204939323653575
4.9307226442111745,6.486038893515147
6.364262682568048,3.8663083144531996
6.527000144235921,4.875781411925839
6.756649280810506,4.7376854744190044
3.720909980840031,5.197103250871202
4.713240827186574,6.538465314028524
5.481712292335304,5.205658920886005
3.1691612180466895,2.987283599032383
3.1239894087706617,6.92248601144958
5.84337367708084,5.05823547728586
6.273707319485927,6.092871618092712
2.836286513255352,6.304190811090678
6.108184951899888,6.419463472814954
5.377833304363165,4.186968674985545
3.1176116772526865,7.9464521553724605
6.50434682014491,5.584641488333261
5.902622314864011,6.087947935796819
5.86080692352066,5.167651464726702
5.604859457133662,4.635150579390508
2.956836535333136,8.897270433318711
4.775916239348671,3.846492680571745
6.752453936318727,4.909103859917861
5.524900017260968,3.473201642240059
5.04701767431628,6.721576917296915
2.3954812465134525,11.266765015322282
2.876299478175489,7.67673628370206
4.7652791476401575,4.308007738573322
7.2937470988944435,4.991824193076678
3.3068725321204555,6.18141234706165
5.3407848377670275,4.562676620950263
5.314910494689965,3.4271511447159195
4.358581208138688,6.463173500208498
6.131962497336098,5.315581254197363
2.578692259224506,7.967513289665259
5.191681430037766,4.279046999283655
4.544803247891596,5.331696578714594
4.548549218953344,5.52667016477594
4.969299601608578,4.3356618204270045
5.182493411208274,5.265424045639607
3.038879764546889,4.2005171498761085
3.5601429722223967,4.00473597836664
5.501642892224546,2.6142010092890287
4.469111205113454,5.903825688609517
6.822684248831962,5.969897693655413
5.702107568009486,4.696127189392305
5.041038097453834,4.061026491720906
5.279210932326002,4.592683867305052
2.845605360033643,12.134810543202256
4.609325787046702,5.755821504188372
5.337886375037404,6.151071404655694
5.110254065629548,3.7642540214340485
3.0007665521274607,3.9299946177189096
6.737709069798971,4.546814848282922
5.951383010878335,5.146131640956948
8.667830759192059,6.45727086327856
5.778078432599545,4.4052397732693125
5.865700821859107,5.246309433386353
6.005718196820559,5.249170501288179
5.231538233565356,3.996310596366892
2.5407006785003032,4.127440890918435
2.4862978566698217,3.2219089291890652
5.596920397205255,4.889487265411252
5.212003048883114,4.700334289837116
3.4153490754909126,7.674357074649774
4.932517945747374,2.894460721791016
6.5143229187122955,4.925518802839268
2.971326476109999,4.223164619263904
4.230212739072647,4.752386966875574
4.695340846365572,4.338276401811855
5.651959011112318,5.8106819089635575
3.011085435464849,8.845787600559667
5.065412045634674,5.45582979810599
4.5170265319640555,6.723893828123861
5.973924922092028,4.339487845800281
3.291371743212475,10.802025428642366
5.936414837345362,4.43969922310185
4.9033416307403055,4.971686664347733
3.249144189248738,3.5245185975346462
2.783920843563632,8.210777067302264
2.7673397963703033,3.8699681186734893
3.9139470103065657,4.230869782256145
3.158517818611059,4.874203728275463
5.114566913952311,6.087167193458191
6.429096774649823,4.580215622483184
6.590687896939269,4.116411690576842
6.41168098635019,4.696261249768972
2.8299840858433565,6.737961457743517
5.623090141162717,4.806857317275792
5.971277570755114,4.294509112340102
4.982498884929567,5.957777550304
3.451865522780115,4.9568596559305576
5.166890993367508,3.0272957758061647
2.2524090477945338,4.010361020876592
4.942375948157618,5.86797993434826
5.95753926218711,4.247549447779563
5.253307265733395,4.470451362215671
2.9851019429925922,6.385572847865236
6.051726602356256,5.609542153869402
5.638134716746254,7.229795115194971
5.606183263993973,4.150357909327861
2.5376007354705754,5.123703198655811
5.05225954476065,3.3915252040957666
5.515703393789922,4.724165232133379
3.381825590481185,8.959300029794077
3.0417331831762984,8.97244421501087
5.142013037637212,3.633123908269365
2.6808865848595005,4.022953720821532
6.769335997899466,6.448934024750853
5.7275299284566055,3.5349556300444402
8.959919506380203,5.758156261774598
5.230616099677427,5.973740293431332
4.209120251319642,5.107686319494969
2.810937246549391,6.827402565491585
4.994211385219902,2.6323608033080994
4.083974782434689,5.397984557562881
2.572056090586184,9.746372771336489
2.5424390428880126,2.8869046682542425
5.70951030192899,2.7370584521676786
3.318090221267419,5.1042630645789
5.51586459926777,2.7972664499452984
6.336716990635451,6.239524015747423
5.649204800815478,2.7940924308211788
4.903431982144871,3.611028703619545
6.114145578466562,4.486530045609926
5.142429535758559,5.199658874220358
3.611752330122904,6.654629706058225
4.37814583405916,5.3050339974100025
4.078061326288094,4.313071500138283
5.58473953878887,4.862288559219433
5.0880542276493745,3.8470542015667593
5.3985860181700005,4.67832069173893
5.412640234946931,4.458528906380114
2.2740734681085852,3.5444430786879106
3.377520168119002,4.1170280938860255
5.586083093112504,5.218938847071636
6.506532535173297,5.7528018229417714
6.515899698181328,5.608396191459123
3.306766882279775,2.803500003138487
2.9687163731229034,4.328256465295615
5.770065483479112,4.622407240989086
5.296531322666205,6.099351742287656
5.3578240916977204,4.749331026102382
5.913061771826382,5.001748279804782
2.9169380445276154,13.522329414945421
2.6585045100576217,3.9225293925824958
3.7106416086782312,4.200533645090209
5.470298634663662,4.043974109277371
2.9009990966919483,1.817438135738499
6.300246039498159,5.376095367553991
4.948619661366322,5.761906563046586
4.8304225126302125,6.404702196255943
3.5417342270557164,7.625649104594464
3.6139868194645772,2.575597617026153
2.4587426251608457,5.171997735948293
2.73849558302552,3.24263688168363
2.8126805573614737,6.378449340886406
6.797567078521356,2.6542117574966033
5.024905001561994,4.254635388795263
4.589223039760638,4.694209534348269
5.248324985576424,6.787926996869377
2.922685415979263,0.5332826407087021
5.31462563003004,4.099158843471467
5.335779110547745,4.69560280789395
3.735395023488131,4.467113195377601
5.508903310743323,4.657159836001827
6.6301397584496815,6.57139499695077
2.982397026590022,5.8699965616410115
3.814736635026961,6.7622067863554856
2.949136666774973,6.411167174149276
6.154530474139701,5.638568797412393
3.3433263303449774,3.8587847544391773
5.908114540836977,4.4122919386082025
4.668669982298535,4.681793527867415
2.6367970747041363,4.398316668453743
2.7960651471878077,5.649877973492567
5.883671171348052,3.498431219555193
4.907651265934972,4.027524200865423
5.960820123357527,6.054041596163671
3.075727921090726,4.571038291594856
6.20023622359889,4.414411321795949
3.216209205779069,4.065357209461989
6.2482440738391904,4.781005536730846
2.9995092671445462,5.130825985865189
3.0222827026009256,12.224873317557428
4.38700159394524,4.960417285027551
4.9569694907301205,6.687995441468464
0.9917725893149179,4.043055651010897
5.007835935023137,3.9144297650844972
6.023925552273995,3.8512672861841954
4.634679847310123,4.8739244636300905
4.069891385161304,5.0644689261026725
5.888337227799964,4.763733554968998
2.7553300336972466,9.117639192036773
4.359085860825347,4.834235083346128
3.0332515821896475,5.127810758684871
5.6126643357446016,3.9478399627630543
3.1737961756963076,4.329216601805792
5.830745866962086,4.816682828659415
4.9894834177193,3.259680434665578
5.130407731089091,4.850740619911327
5.652735810547279,4.548998770553205
3.078817442550763,8.63802908214596
6.365828297162697,5.480306952092564
4.5823839617774835,4.016196577743881
5.3344098029739255,5.099319568353788
6.784080012207146,5.591053475642474
5.778088877865506,4.468897144044703
5.365574014328164,4.143607570174401
6.234876968992508,4.499880483063413
6.6547237777245565,3.9889962062850914
4.88216320959252,4.630069604113581
5.5696149608298,3.4041215188588847
4.718848256537919,3.470571999309021
4.474779975148551,3.757541512542591
4.002709028265868,6.252105424508592
5.842249201434322,5.23553599093401
7.103629349200186,3.8518667051955404
5.646829645575854,4.231863466106146
4.351897506132978,4.92380432797605
3.16272490167699,6.139284672016629
5.801209692984543,4.7881216441955
3.601630763877814,2.7564695245087547
3.303246596373808,4.773383198582415
4.197105706236387,5.204749903939799
5.758952094089066,4.359501041517605
5.518101319629913,4.1895434089609855
3.0148623378419614,11.505597679890935
2.6965046579956335,7.453187720529277
5.5404626166260815,5.350699981678077
2.796784260571689,4.35878509729976
2.889408945261793,1.9720498225619292
3.0707555157668174,6.359773835916052
5.8281714408495935,3.2401897364635075
6.0634931261405605,6.107919417234866
5.400976914637611,4.481435847028566
5.336748901554737,1.749675894798635
2.857314692441849,5.619164514091846
2.733015544217305,5.489626143872402
2.2436432222480227,4.55320259386113
2.705044277789408,5.032229377739143
2.715032648611694,8.692764825714415
5.229232434013496,5.4156659699331176
2.5738434397989214,7.506185761289485
4.799580347248226,4.63424328095247
5.610614771000312,3.246731107289473
2.8831402749547257,2.0211278412203675
6.19440356419615,5.285205926365758
5.8479278780133885,4.752870711120002
5.486865285164016,5.996670471948191
5.616225722609952,6.880416311923195
4.08498031815542,5.037722896682238
5.2189640624449405,3.2897836062833665
2.5623310990561827,5.63787693755696
5.541882828521632,6.718237241451382
2.542536292156531,2.3917357571571007
6.112029596112914,6.214556855953944
4.1364707388677395,4.475817093744998
2.8625813654295196,4.108230834143404
5.79606357557669,4.227253299692178
4.6671224218525875,4.856427353361836
2.372824341579417,2.2685626083114343
3.176062750706718,2.3261387152843356
3.5744374334645856,6.265933626556818
6.249247866462969,4.694322138698492
5.907515902954633,5.222899163003838
3.200487037915669,6.815890906423683
5.351012058595302,3.652750099770699
5.275939596172228,4.438959719203913
6.017990493208792,3.6556928764743697
5.820660694232678,5.411415381679718
5.3344874094444,5.7665671351039585
4.818001457011477,5.802527567647902
4.893099156954394,3.2116156990101423
6.1011890582888775,4.609211692632089
5.261653297517782,3.9978579193603694
5.7864140616938275,4.383982044690662
4.794004134774368,4.941961472094205
2.8467873131499837,6.429846033542374
2.8669035697297502,5.390813887618656
5.88196311533763,4.371562398817867
1.4645640650094833,3.9183002823170794
4.913665110652076,5.063884225503331
7.38117943063649,5.582746440658099
5.115301226633238,4.967608723218563
5.23329152104175,4.1223746966454256
3.192743221698978,3.8873640695929614
2.655865713768644,2.1523087743952143
5.2141394444114395,3.2546047366423094
5.545463004239238,5.7774617529353325
6.118071986364467,3.8601454897520844
6.209977789741233,4.014786497939812
5.528005813187335,6.0036069779001
6.561551114411374,4.409889547842562
4.8016087647961765,3.9107418798616984
2.7273298408778914,4.12024537780696
6.6447503076728776,3.1014504726283123
5.3380564876397045,4.9872760562645455
7.006636177798118,5.392498937001614
3.9994109590963056,4.8855449896816925
3.333221877793447,6.446549038249402
3.247893291442544,6.361059131399067
3.1261324090596068,11.372608497210475
3.202251491514552,10.473096427387846
5.851151393510674,5.556127914775056
5.72075502140012,4.7492810872777245
5.1688261056600515,5.91093834988644
4.907064884877531,4.918473412774392
2.4048446705759963,5.518806125272232
3.473164283976342,4.093340945853024
5.488527315186406,5.266334395741234
3.152688891555176,3.2965895679205364
5.4268251380797645,4.881009255486812
3.5157161663391108,1.920715241216547
5.065884412992643,4.349011179411638
6.244852018370719,5.390430214684233
3.1706448478521625,2.5737632601389047
3.013619601837549,6.452079912250683
5.776770252485547,4.043331641089915
2.9303090726827152,7.802953261028968
4.24414439808406,4.345726314015669
5.479364515034527,4.641945720789315
3.1208636960686857,4.613728392675412
5.50404890567443,5.032183624660242
4.849201324444704,3.0734042666352828
4.35828965746683,3.6639382449445943
4.430497638214034,3.819018048848429
2.9480083564053734,17.976701568364177
3.381257119320957,2.5908933574914
5.10980035631519,4.818776561208092
5.683851614589857,6.008030729905615
2.160714480569048,1.7865162057971098
2.9092368145084246,17.802014222598174
4.545120543035624,5.198770677488718
4.404882090366086,4.5700389516008775
4.002854794966707,2.07876522014674
6.05783494464687,5.7015654719404685
5.498829305906521,2.776129144979599
5.781676142282594,4.759329721364279
2.7930274362210143,4.575143811932663
2.9094812245040718,3.476468275682871
4.1981432634689195,3.956084358677563
4.161150022712628,5.019650095136569
5.150677902063459,6.570489965483977
5.260048796162519,5.463798014412438
6.107341924446466,4.655239259288866
5.154947545973934,4.2540483698334555
3.8880235028533177,5.096057139117443
3.6346380722133684,3.339008110992978
5.522778910556798,6.018070554124764
2.759450796080269,6.730870554203624
5.157375553307657,5.691205090586163
5.636813637267306,6.006674208960975
3.113652686705025,4.366064076162843
6.15881524921852,4.525585404634155
2.8137902800531136,7.8168808547466435
2.9557381596010166,8.792617580092282
3.816255655448075,3.9061528587025616
3.434646026131047,1.9071172924844761
5.565814655714587,5.0347876262146585
5.499158594752514,4.094525018003498
5.9797730313223925,4.157409762010634
2.724936577209766,3.2267449615154398
3.194736165686851,8.19978693357091
3.1858273266432913,9.788964647757009
3.3034236512827917,6.044215148154156
4.751746386103051,4.396942832931337
5.598263212835454,6.3749077114679675
3.0375096109968553,7.019253565229059
4.636640923839788,2.920576265010716
4.429967479127023,4.784436625337419
3.667858939670532,11.776819236573992
3.355490055460862,4.399831203364354
4.924247844313278,5.217970757553941
5.568287258745706,4.9000857758385665
3.093740830885671,6.005539236060088
5.719202601691185,4.535291405090223
4.145135128609525,4.758303537090526
5.712551567031715,4.276374759151509
2.8086715793902415,10.479590054022438
2.9791613857320347,10.846886210723245
6.343228808291249,6.240282810754998
6.515516281841959,3.189554295641688
5.3251373503436135,3.236849486414743
6.259942537555041,3.033885186292002
3.444243106972619,5.154265685694298
5.675293943431587,5.612856208148551
6.190315550174737,4.76609486126021
6.079022348328061,5.811325194760139
7.781572310213457,7.444100302326369
5.3253858502429186,5.0566798597822595
1.1726607615348232,4.902496771083243
5.908020952627557,5.3671248320175575
5.32437554058288,4.40936253040804
6.332058054384803,5.733313269558209
3.666051550208208,3.293897765271906
3.461975275914406,5.1200569210511375
3.2385165274656473,5.418575388747783
3.9832553569021814,4.7352282290952665
4.40831416025475,5.811759098479358
4.84080211085079,4.089092785800044
4.756493409657036,5.514784236962409
5.368311662276013,3.850604219085233
5.743299498874305,4.950933076454698
2.5049426616098227,3.2166459476966622
6.441760315172022,4.077633640758705
5.765691704235277,5.022095265545171
3.325965244204051,3.3537663110300198
3.183303303653051,3.531635750560983
5.275469187377705,6.3588840815117535
4.8733388854891855,4.511568123557722
4.7555362380323185,4.427649527746421
5.7099983750349965,5.347849354193172
5.449788146091076,4.322930692961459
7.818163895262657,4.357573320291563
4.9321019565550515,5.36146641518899
4.805753543065957,4.602204594174427
5.849754903229372,4.804167867452523
2.733574323716684,10.855329154378987
5.7751130644828965,6.772789923091044
5.84246900285101,2.817725922592758
2.608187521498952,7.206271250924663
5.441202758074234,2.9259375367384326
5.820150304252686,3.481634852460009
6.215623289645007,3.436608895904773
4.674905054017309,3.442878945847652
3.04255387752621,4.601035224673083
5.293148509989589,4.733352141596315
4.620660971341326,3.278048730453399
5.762907599577424,3.0953947713360668
4.981879513708438,2.6085009375503203
5.90111119607757,4.024781729579215
3.078944172024526,4.588832104571973
3.2251708659541363,2.699480292853906
6.0513911236637865,5.895468367013152
6.158723041517946,3.9136794421185215
7.111847321871172,6.820632597205721
3.338615399647739,3.5587276043676814
4.648916487244543,5.438972640418185
4.286345877602422,4.446726209537767
3.270970582226407,1.6829707290297249
3.2577635304006627,5.6236763264791145
6.235286869612307,4.990853021218558
3.151735680645713,6.136795004164343
5.73147450487186,5.833790407813568
2.62432022429154,3.434791845835292
5.237346498185793,3.410497235661547
4.791635232667933,6.533814398745674
5.971275775582642,3.452158771849614
2.9707066661281183,6.421228244402549
4.295449518107594,3.9127646784116465
4.909122438897689,4.168840755194472
2.6267586428798344,8.15237781183209
2.4433243138934357,6.475710912227421
3.254074515230174,4.248790309995904
5.73052798907257,6.1279711787230156
4.927112582050242,4.218198835622822
5.487774090626696,6.647406563859938
5.94681677230472,5.997328062469494
4.590818535543569,4.534251991594637
4.5401551623389516,5.949679902816359
3.889407351859981,6.735022999773876
5.2435294425051096,4.079098438336765
2.6980476972367606,3.1104751904777435
6.231258666309989,6.04631489793392
5.774890130491096,2.7230840238792653
3.1260826963052715,6.615430273178595
3.5624368922032446,4.998986767463385
3.394940792074741,2.4402560534521225
4.983338418530747,4.47878519527638
4.825201604506803,4.861746094717197
5.1007631336150165,4.1335446453539
4.3067580080968035,4.656271328462146
3.244508842353402,10.273840486164183
2.8257156975149713,6.313641483405456
3.199035434620771,4.398160690058557
2.8298622005923324,7.550526324647177
2.5735230954968533,9.366673214105324
5.464260753169005,4.100208735844001
3.0467361101242334,3.480625349485525
2.866321481728586,6.203773853903122
6.286589514436649,3.584433338094513
6.133290271959839,6.499826797228811
6.397281514191027,5.093283233394125
5.225605018851446,4.43992003092198
5.210970130063007,6.358415614493028
5.860023705248658,4.421707978010875
6.6836561840884965,4.595143667658152
5.855647342396825,3.3622741917027215
5.26057623446259,4.217922126331638
3.597736100181585,3.853699094271331
4.381177894730598,5.249605631014942
2.875789319778874,6.276726019618516
6.134662659018916,5.183347066164602
3.4119153336997154,11.498446623590363
2.4833168723742762,4.3606286480971725
3.1553293693741615,3.0378623996135574
6.149989176438785,5.49004450301014
2.2962850723289363,4.953646297419234
5.06866484064647,4.489578099491589
4.736652192239017,6.709985414083362
2.726263594338388,6.603630362730918
5.782564020254416,3.173486921126192
7.143983292036299,6.121911069074125
3.228408010083703,7.906223150521143
5.594775422957083,6.22498604817735
4.502098636264021,5.599303699702205
3.086793016200301,5.91138163373156
4.172424742491214,3.603127090717214
3.0776469718669284,11.934059411367073
5.650298255792735,2.6825717497925
4.56302609642837,4.100455037818863
4.726384336705493,5.3804109582286594
5.757012602480701,3.3221811539673523
2.6797334994042195,4.35220285393936
5.420515945885391,5.661824352017729
5.768894083436546,5.17017250410851
4.952647258556875,4.384573140557528
2.778942813145758,5.997232188059531
6.569995007005595,4.78641254211676
7.589849750138757,3.273034514423534
3.4617410598731793,2.016355817677439
3.731708838608793,2.928406156874385
6.29845484393058,4.899491163185801
5.806547845387541,5.164891406884642
3.181673078535067,3.494846964752903
5.656033212039449,5.4940244030902585
4.531823848561363,3.6301565347878553
5.84517008068459,3.431500086520673
5.8425147694270905,5.676137384776858
7.524551948109433,6.008050262860593
5.258631277838329,4.598618919771658
5.154871410804811,4.3053641628062875
4.160105171160769,3.996137416382485
3.064660854721242,6.47322434563947
4.79094263320999,5.488843778854428
5.335613557664153,3.6065140651935814
2.7103713502146167,4.800419052399118
3.8994953732842657,6.480229868971307
5.742564001410055,5.32990288159396
6.027140274546424,6.213750848238999
4.5660226705146805,5.660672913002251
4.978121037375937,4.63078670853119
6.175673544376243,2.959159196752774
5.984299408754477,4.856027890778869
3.1597483601114855,2.250811113733223
3.6271716835376004,7.490410077081965
3.0398702339197428,3.2996343523472835
3.256658717732734,16.220272908007843
3.870984128593427,5.599826775460651
4.912995836988679,5.949420216983683
5.4638891888263785,2.0785417294035544
2.7150312243589085,3.3746241039303744
4.909510618012749,5.488910011757804
2.9874691520675296,5.640082445034391
6.295630984900101,5.722424409299822
3.191538220940891,5.231583322976691
6.3759895523314825,3.729172735638749
4.358145232898778,3.7908786953190443
5.315974693085356,2.3720676041832984
7.453765129508115,6.546611410763575
6.076168512462152,4.182789330784252
3.168909151898167,2.766703745167004
5.977111827716698,5.898302465939779
6.249860678438046,4.612189314625727
5.931309515899461,3.249449951254105
4.664382807360204,5.109041968593491
6.018994645010388,2.5329861711983126
2.7529468078105723,4.811574643438676
2.738069532220072,4.775846993730352
3.2356074413766622,8.797431243587404
3.3243982764778552,6.7458714724769795
4.575286249331212,6.382327445896465
4.857408953772563,4.419900699020755
5.682020540556602,4.391828071291231
4.499608762097182,4.367443963652702
4.724006923436956,4.517148873332452
6.002108984493946,6.48555690356411
5.352452672048856,4.264622548326533
3.3923088142025866,7.428479345437392
7.647739670230265,4.952322318386128
4.935189302129834,4.959487394713175
7.500931083628377,3.601608089309998
5.732824089050555,7.071082599216615
4.834633781569617,4.922676436536968
4.915714250071571,4.5294657831548335
6.322861306809105,3.481916017673285
5.6037032427005835,4.659225894284554
3.432700997665673,8.690280731088267
5.0420739065872615,4.735995507732204
3.348549400645126,6.082343054435247
3.9108744207651522,4.905191440610012
3.2541501331367835,6.556894600097433
5.201499120739476,2.5886201389186767
6.6332544694137265,4.968415250786869
5.597068132973752,5.061212118704347
3.3677869222944947,6.535907049242632
4.482494388707315,3.8947951591824816
3.034766782569571,7.496465329871075
2.9114392149676447,6.173964902714983
5.60356895832854,2.445970178646294
2.5079888082594053,4.3540348681062255
3.5124927182766106,3.4745573022946816
6.1418809990993495,4.966558803549689
2.9428310387732233,4.377179163477176
3.206741441891114,5.9481016055355775
6.05275292714429,4.624599836024767
2.6034611556597484,3.0691922605090753
4.378965639932165,3.944768881061657
2.674182743256977,5.032187460712748
3.1613482720818458,4.647809713854977
2.9429436794174655,4.826761171898779
5.503026405031566,4.276665340467768
2.9875861680067746,2.266475956947814
4.9514674805657215,3.603229248194844
4.02971550557189,0.5424467629864811
4.141631705802341,5.336708877779974
5.0921629774994885,6.920900822086021
4.507166262156154,5.384429437619659
3.263697238431474,4.142713503456115
6.212897736788627,4.1516435399273774
5.9481584080882115,4.607212462833634
3.2999197661848663,9.830606815547135
2.4224137070896123,5.591674850720064
4.699005243396838,2.958201666448912
2.786010162649785,6.520106122416871
3.0583305377943075,9.435917282261862
3.2797890302180397,3.0823992157356206
5.550607682878627,6.037242457845234
4.940923585946502,4.703274362209144
4.325127913291826,6.050533649906501
4.927031215829952,4.700781728950231
4.825796755120627,5.611579365020806
5.948954875082686,4.547559660487283
6.544188890296878,4.241015136006901
6.100165124597087,4.609794705833469
2.461477114805,4.017946460730817
2.886880815321237,16.75875190735378
5.494349591790777,4.538006997645739
6.863915354934086,5.78687044890565
2.667969736577303,3.2038691178242495
5.070676701222882,3.925306298308233
5.1825268072692285,5.083941053665329
4.65776794272883,2.0663416695053414
4.985404078364463,6.1548618310271355
5.827662987289589,4.229165118313487
5.400206539418081,6.082289799361792
3.00566057784321,7.346740964014974
5.350098445207081,5.044187834959586
5.535810514255342,4.195333130333965
3.4248596590603664,7.3402338665556615
3.5449021784806116,6.888876066203741
2.7883270554406403,7.399372557211967
4.23610751806668,4.944972033609703
5.189510947615361,4.383642946734888
3.2089818478440866,3.174271492956914
5.213090398353523,3.9723621833607825
5.592645758917243,5.011880117533873
3.191323524196502,4.265232567027234
5.719424408317715,6.731605306558583
3.329445263624196,0.6921954740669598
4.964357411638434,5.751145548093827
5.13850932669947,5.125157290030271
3.0824359189701305,11.712200374778911
5.84425729905742,4.995453263296557
6.7036628607373965,4.649868844001474
6.088622666414548,6.027979769108452
6.381680408865022,5.364286192370013
4.817907875931259,3.9944480591050793
3.079091373319355,7.374335708818444
6.185141558995288,3.1630307025307838
5.217830440466635,3.6087556880004765
6.116610082755361,5.161392444061668
8.317367477405313,6.059118660208185
5.38621338798829,6.172112927476695
3.6380775737244875,3.497411206819695
5.243727561161134,3.4464233683180376
3.442454816492493,3.1042948527266807
5.406816997652143,4.6975320725013106
7.21796380799226,5.454032061235187
2.200914304113263,2.442320262165994
4.43531716513893,3.6214358563978912
4.665389258392774,5.205656640594899
5.132401780918842,5.019320708525879
5.337373043207197,3.303491669361004
6.301662666558121,3.8617360157247864
2.7620544116666244,9.925502859461421
3.307736612911875,3.3429770356654425
5.56516313630804,5.014389693152233
5.733774895987712,3.6597501139712096
5.268415897737522,5.052021635784226
3.337745020562597,3.4904811934620685
5.132276340380053,6.584955013783783
5.491452379158284,4.4802280492464
5.819581332944908,4.480568932101826
3.135825261943378,2.6886842397310167
6.1387882607716,5.492054893769828
6.025456350393998,5.0284964789932385
3.280013087511514,8.163274527983024
5.959040980175191,3.9348918279720606
6.256443337376768,5.5047291501563995
3.043470753128652,9.359084246452941
3.0656306800372026,4.664929690618528
5.046408442199466,2.931564007771457
6.956048473387818,4.8964913515702735
3.0279725739586816,9.392925988545903
7.509072562600284,4.209611346317776
4.174317760059301,5.423140969367301
2.4427709302734333,6.5591845708659315
6.050516498666673,4.9403315194394715
6.029902212465684,5.0920061737883495
4.536502229384928,5.632315340467547
5.284904999944044,4.023624752449559
4.576904808227738,2.338034662842672
5.239226440134298,3.525862652760096
5.158579362767239,4.107431498038242
2.9646129586780505,2.580930108870258
5.364497607555803,3.862321822215503
0.6684503604466663,6.272422160284049
2.859086731524802,11.24462324830944
2.4865513914956345,2.6697675071531273
6.4370659499305285,4.316895684343878
3.45947879980098,4.870218277538971
3.1649264026232076,4.6731343472046625
2.989688007523204,4.184299961355019
6.739848196357675,6.8873409462559465
4.975211313554702,3.7073651980021087
4.406618839170335,5.011424515361313
2.649331151193954,1.297090142111451
3.0543292302464935,14.858802600744882
5.672075108095929,4.20581485688299
3.5758328853878796,6.6485747229738665
5.205202112079271,4.0231170335236985
3.5843978331876007,1.4390711314987163
2.8285599266606294,11.63376966212625
2.9980405419463367,3.035984554522752
8.167135345365775,5.478280700730178
4.984636342081226,3.705033021525568
4.714316876094453,2.8956294622673773
7.186987789257355,5.076306810849046
4.591059786012255,5.481174088674537
4.1716788120652115,5.146875173121819
3.31883843685977,3.7062495121166035
2.960043816260459,6.0870871892524345
4.852340489564436,6.158800860634011
4.715550489412495,4.863800291216021
2.5873634279558217,11.006412440411426
5.591848417380035,3.3930017203469998
4.606667736552241,5.676173655284585
2.9845758831228526,6.965595703926239
4.816554645324826,4.050923198651183
6.0378847468535755,4.33572290586645
2.788795637733518,2.0657062021943298
5.476241513900152,4.153117598392024
5.728950465253955,6.055228396392314
5.579457642917863,3.8399081441831977
5.710241006368,3.7724509885977087
2.9336698363912435,2.0354193552798647
3.2855242510082414,5.759756973018143
3.7613752585523157,4.513577626800771
2.8596768534797645,6.389632477286279
5.001480944760252,5.121224183689357
4.8164201497507735,5.115340154072759
3.0599073553715392,2.6387720826896164
2.5872145684208054,4.7691941345119835
5.44121337100204,4.775149417385773
6.1246253604148615,4.621661965476098
4.682181305295623,5.162406050842726
5.9156735255095665,5.144677397172112
4.821865047969652,3.9694844976123953
3.5085775344726633,7.153152568347867
2.916760982660006,7.5717850475256405
5.348403323310124,5.077449604124604
3.1144426117074744,3.248629044754531
4.948598818970574,5.994073170005896
3.720471213796732,3.8327644130464997
3.513412718934495,4.625518110514182
5.063468611844875,5.533330020864
3.0460782434915186,5.941381950490345
3.9023566577196,3.2794780066305003
2.8475705178657464,6.510015713614274
4.8693857712934125,4.149800366394137
5.0892267802532825,4.5298590482628445
5.130483263062975,3.7963997851045472
3.722199264266621,3.156848937467146
4.514386302977816,4.99775447607535
3.5384166027567034,3.5398664701482194
3.491346334188295,6.357337583999806
5.735134952932243,3.9528214491004996
3.0015910846320297,5.596254493132151
3.963214113075821,5.466225122651479
3.3027528576310465,17.32041598089472
3.817291189666458,5.759533745763219
3.2050983729243607,6.689613032996889
5.704628374306431,3.570163853651019
3.105703510026252,4.220602691281972
5.483595845110001,4.042977404931959
2.988286556499827,15.69692789030537
3.5489009181760105,5.039227927761757
5.074743039205851,7.327805336426591
5.976398511557656,5.195158006416856
5.8915559923245135,4.407095985670726
5.96880553528419,7.1381744704852075
5.0929948525606275,4.692492411320607
2.6953465391044413,4.157517957431273
2.8485884292323282,8.493344403491296
5.818477681543479,4.14196113762035
4.664976259008898,4.582911772858049
3.032726000944697,2.6817957885373263
4.529410964251398,3.6957677344067568
3.3647448467686374,3.0264012021214115
2.992603099412762,1.5709798977895792
5.4109667016798975,3.578746416517393
2.911789312516373,6.441870276329632
5.448319108340518,4.214115901638525
4.574027823893944,3.590717470750622
5.982065711744324,5.120742615959643
5.684463080463108,2.807825042501843
5.7979555233811615,5.683182914845176
5.028251815124621,4.183329821323933
6.9854936919062345,3.5773914015233808
2.832257164700524,1.1175748470827012
4.716856329271039,6.045830591760698
4.957312165646041,4.020605833097231
3.1771927283786896,15.686237185930796
5.623892529423441,4.680978079349989
3.406749644297384,4.536305458023215
5.409932684941217,4.695807511155898
2.84088063109092,8.789649527676605
2.7716996804412335,4.288189166967571
3.106228287871076,6.376615645756212
3.487434876823363,4.910406818099323
3.3454755193612256,5.501705471787202
2.72470695264428,10.339169140868862
2.948503929338644,13.148602238696423
2.8145006953410534,12.583888064723752
3.092684595513513,4.770000803972218
3.9293985208568545,5.205231091702978
3.018048779885125,5.813035736887622
5.16341170278493,5.1898363943524775
2.961967519336069,24.737108232761507
3.6167268903973997,3.3838799944786793
2.6124936343150074,6.738734203704425
5.711344145654426,3.517348275877242
5.600411062730836,5.070854494413523
6.339624743873053,4.710993645071257
7.037990324207957,4.562204501628134
3.973540186511462,4.452236371653127
4.727726314263042,4.909035105208671
6.140717548728328,3.9756212154266035
6.054475286478214,3.865975530778162
5.353474398299059,5.833367550080544
5.734517943373045,6.260963054060833
3.8252159946651396,2.976914746966941
5.312921702805395,3.722727558859432
5.961532350938325,5.732762306106651
4.206726599428475,5.3598256662868895
5.430371343904752,3.541959598620709
2.3823376992996312,3.434703395974685
5.246197705462196,4.803522982776512
5.616831871702662,6.957799723374719
2.815667894115456,10.10205741340137
6.0954255221290445,4.53818780909695
3.1220632539705453,2.770150878156147
6.003713805308662,4.234786465161164
5.273172976877217,2.9322676044170146
6.285098860294836,5.649070418377247
5.055089181890676,3.8267042869940067
3.1358481332478405,10.440056672242047
3.12597687150484,6.028955807917972
5.192698344689675,6.199554469825827
3.3688346408255057,5.080294054949546
7.765475591511681,5.7593337714584685
2.465273165397096,5.435666959013814
6.955179442754477,5.76677429226312
7.4181627180241705,6.850853634291267
5.188483052541144,5.167446430370458
3.5373100146273515,2.445676640505826
5.938202512368579,4.331422082244606
6.345150684572479,5.706380146424586
4.709757879010888,4.958662719036091
4.522225864128526,5.621251610895055
3.9812740359375685,4.80889379022009
2.862856695388473,2.5893770648741596
1.669286806688163,6.723089894772509
3.2095601232135387,6.092206538464127
4.688201855147882,5.455580437336577
7.061621714707912,5.30029343744118
7.042610452228696,3.758262187848633
4.5172871242321575,4.055897818385987
2.6201070105803077,6.068011496560024
5.50497779286014,3.298915564394118
5.35141979135134,2.736576851527115
6.319969503432799,3.2079034837560076
4.970901448828966,6.765142594765672
3.0018639817008643,3.5356678548580467
8.390402487124828,6.087110198488766
3.078705322841376,4.505902503345375
5.019798134001574,4.856758680037918
5.295857002156863,6.425079332625446
3.3073757484629716,7.069022919552009
6.401734663977903,4.290684397945489
2.3679857419687464,3.14567831857603
3.3473006947714943,4.7113851212305065
5.3569812688814435,4.133311452273515
3.0181624128404048,1.433458562538131
7.0424784980549635,3.1329398191050353
6.073094688832431,3.657470732772303
2.777991736763632,11.947568857934272
5.79260698648419,5.532176159845154
3.1419094638125746,6.344286818773665
5.278601339234189,1.336733297475973
3.276540347179696,3.9494540142532437
5.169461335074542,4.554113905864541
6.101013641985237,5.463545507731167
3.491590724508086,3.427951166521437
7.784905857525139,3.4170445802777634
7.276362071271077,4.4405292568510975
6.5467433268854025,3.1879604871204847
4.367833159283583,3.777995613040207
2.786005457370979,3.1255035113423753
3.206513797263006,10.079605078418231
6.144315340837921,3.176741175646484
3.46154489475907,5.403522347453922
5.248149451443092,4.749827698535694
3.426925120255773,5.740284333652916
5.483243604669843,4.190633070324163
3.653910478870662,2.1656429290712405
2.552056929200145,6.728682540417041
5.039922824314237,4.808417861863782
5.114663588536203,4.366060042321609
4.062424424982496,3.7869661941513524
4.253565146873271,5.336707191756306
4.607763255408735,5.0342101183327985
5.984586034753939,6.082421451616948
3.1669643379440435,6.72534865042907
5.091344148771052,3.3849504729261266
3.23600576873137,8.247440661193131
5.289922543624741,3.45002536730456
2.910633018995817,4.19080329053101
2.746236872726992,11.382530916607369
5.560355177088981,5.0324749054684155
4.561459008964556,3.9557779844238414
4.3947734931400415,6.57434477666065
3.2302419752745246,8.38655561352956
5.503210119262176,5.069340966214188
5.858232602155204,5.415670342371967
5.586325642428378,4.435008249864823
2.5812300252761156,4.102285006009599
5.107613844113936,5.470649586104072
2.9342224613928787,4.109391702992415
3.9829161378482008,4.792177811279624
2.930832658673737,3.3244595492416793
2.987207230033624,4.918702069994087
3.9237355320652605,5.7070407250969
3.252461275511037,4.016482956593699
2.7299988570821605,3.4202813028055754
2.743156509515079,2.9761677429143245
2.7950990996803675,5.5812999823962635
5.806839989677227,3.855930787081515
4.527809914435856,4.824347195860144
2.9428229065811453,4.393251157352435
4.4328383943000444,4.606702052977854
5.888413219324659,2.721123947877299
5.214792853541058,4.338421115576438
7.089976138438974,5.488204639733572
5.256468981084455,4.57682655576389
3.8585691127343456,5.094511493367573
5.42040188270581,4.367466800553274
7.116746831624257,5.897303760480501
3.0328832138214965,4.524285535244536
5.175384145514067,6.214721474497781
5.217337107055122,5.819870824150382
5.836664583028742,5.229781824285279
4.1509310264159955,5.767338697720573
3.1981132417013356,12.90256433940045
5.059191167297596,6.491566516448766
3.807485964132929,4.012391115851965
4.869600351389659,3.6748392775527794
6.825596199874157,5.196979304592601
5.903853801350717,4.536719071083211
5.139551066172797,2.988191732398571
5.52086180663529,5.172651708990406
4.7943162729618285,6.016273620598995
4.73100377821521,6.952164933449455
5.4705436102513465,2.570836281171739
5.48062216797756,3.4655410717539903
2.413647657330051,3.3048860073832604
4.629076360184325,5.506605909679456
3.0962512438859444,5.366868908352825
5.402112893946285,4.526273121045333
5.716328076289845,3.7575889678032204
4.744805124306168,6.6803071059783345
2.6921131237251723,6.226946173311203
5.110973448798408,4.594357367487163
6.051832435377381,4.28266288523283
3.282380323361951,6.508615257781412
2.7391235925024446,6.471577787782665
5.0176762885667054,4.419627747471693
5.4139452842758145,2.9122894481566144
2.7961499974911934,5.476502842641279
2.81797740421556,5.240217664226748
4.825019072997611,3.3307954286373773
4.611164969418304,5.127457309146987
5.57985819219777,6.012193378332912
4.350006111802977,3.7869644148012926
2.980450917548941,7.596527125978203
3.1366165503820285,2.7983344565327894
4.982617029724707,4.556157368975039
3.1877027369728137,3.320346985369252
2.9969501314760327,1.7880922882201964
5.498547533201302,5.364372296342937
5.599912348325795,3.9139033572591977
4.682336434225431,2.9172145445606192
5.787093467212122,4.179988797360497
6.553016151740222,3.707064945998427
5.179946582833975,6.150223758497454
1.9562630116315702,7.018265543792186
4.398555906245917,5.141095382162139
5.808151244932815,5.726129056115553
5.387330380002998,5.997384583706368
5.674763633804857,3.479813914698921
6.024489632777876,4.596741678193868
2.4409231905816293,2.82917073330285
5.734076842044699,6.7608811400323034
3.166734248448929,9.526380966495832
5.738682695105986,6.964635519883087
2.9862465667492963,7.413474392900881
3.2206277160605636,13.863211735331548
5.787333920240671,3.680010147831423
6.274317916631512,3.1942498742317373
5.028477402629536,4.486129447604719
2.8558051167243987,12.04526309137805
2.5849038068757197,7.449831820369912
8.6926568205248,4.425655891522781
2.9900472179074984,5.843901360133772
3.393300635794848,5.428739485367322
5.466994070877384,4.985307670712919
3.110453820652728,1.0615685499791065
2.9373135725526134,5.072799847396913
7.115018629424208,5.0267934431194385
6.500608233203529,4.311521089134206
5.884936419418251,4.746809454605595
7.233047615439738,5.438668167417009
5.520999543572046,3.970880805854601
2.6802546396453226,3.7046432494737087
6.3236227769319715,2.8359231285269297
5.423155965741249,4.4704696140626075
4.847525730553182,4.1874068500892
4.878981955674316,5.410551635058296
5.316239233435825,5.961157213717851
3.7280566423281813,2.914486295952206
2.7203277272483075,6.7765779417445495
2.763592190268331,4.707546214144433
5.098642813139293,4.674765415894872
3.1698894497174455,5.62910052247074
5.379650077948696,3.579671132355932
2.1911535027795175,2.632712361075675
5.59280675384549,5.334026544172178
5.214326971066071,4.068857791642411
3.307479252783266,8.591714505921829
3.2206785401912605,4.000255642000248
3.2480832922882756,6.5692770925473845
4.30163211527638,5.235813262188768
3.192232032003162,4.214722753409578
4.482533253996722,5.048787105034631
6.670506910473771,2.721310996554643
4.562992112534831,5.39736498919948
5.833467472408329,4.666115174006447
3.7097873350574817,5.33654422427598
5.242867084368387,3.184592091677019
2.880262319508354,0.9053701904186489
6.338709680007133,6.770124142930845
2.7145450503738457,6.935581538954455
6.735878271099244,6.039143831484181
5.678271189147725,5.306487755797136
5.5783790814403496,2.737723031987525
5.091665333188639,4.0507784814400285
2.955243532449195,4.897589694759042
4.808921319238511,5.875740963760949
6.227633395042823,4.912628729506833
4.019836083561245,4.36476596887767
6.184903569249036,4.957853186287309
3.520474916143413,3.315137164490875
6.176387321163205,4.453221577735777
2.470577922663399,1.6966241146168504
5.467238844890698,6.239706907069124
3.221143286977289,2.416420719261647
5.2644449952766506,4.754803089974659
4.532022616193666,5.46929954596885
3.193024435789034,8.734850688288555
5.060451388242979,4.675011422345982
5.652313209739621,4.1903641710843065
3.787205928922769,1.7597125664903213
3.132531517896843,3.9343666550532905
3.1714533464805443,14.539942840661974
2.9208063477996684,7.0392330879740665
5.582116069656233,3.4826921373899324
5.169706567411556,4.387661794790735
2.8808555218517937,8.05714925987426
5.422724054406537,4.12942751398908
3.158589456427066,4.460428780689238
3.148901252711693,4.954862619487155
5.503547237662806,3.8321634874367874
4.758602023399578,5.379742875627961
2.783007333021256,1.586053818376782
6.752436875716402,3.670548185337592
5.19435873146652,4.321823378333924
3.078023447457614,5.9514664508910515
2.528766348993282,2.5356277836694896
2.59483602465147,2.3674389774564437
5.805815986872065,6.031523774993701
4.73642302843704,4.862553007106876
5.707619961280811,6.189842233902983
5.572930215412354,4.217287767377045
5.281614196610708,3.5731798632264917
4.876603045045059,4.279922549561752
3.190688121498643,5.551749456933964
5.59177677278494,5.344817077889788
3.384454036173737,2.6596522113905525
5.823570955421919,5.561280526401217
5.247193648693587,4.987354047994417
5.215640070438322,4.244533332552596
5.168692424912994,7.559090590643099
3.6112814475235684,5.990266497704943
6.650080572318002,5.1860828936902985
2.886945301185732,4.8852542939999095
2.693669426887415,5.176547533403336
3.25743767395973,3.3929029110066287
5.274931427774387,3.8553997622131826
2.8326839130570853,5.068951829377827
4.700034014520583,2.531323046114172
3.006007300088784,3.7744326454497683
3.441323913551832,5.154193403956279
6.168226345841565,5.359302622695434
3.1684419510401574,11.490549770070121
6.139474834817732,3.918202808627146
5.405259934506955,5.341589999842544
3.196990587397203,8.161415575778118
5.5904351132078265,4.339553716229464
5.698647282797511,5.47745582215364
5.412896476486845,3.923191698201304
5.625606898648096,6.581263454721924
5.769942493624616,5.469325426882615
4.490687866162603,3.5906306124414584
5.858840900899562,5.165955314902051
5.5543494500075345,4.873357743997702
5.859321117655342,5.497390625324979
2.6725111275943805,5.351464861581981
5.153118737226056,4.863893478011549
4.920084280205223,5.516414282754405
5.466496031765958,4.985558805548472
6.839387987483034,4.291744088654924
3.615235419985659,4.812866426717355
2.846211883817558,10.474200612840177
4.446289522074128,4.198520599256976
3.909861074780947,4.461829783451595
5.0266227068979,5.147958465424792
2.729142699153578,6.624187203214107
4.730281362189642,4.576680451003481
4.50304073252442,7.507724785506933
3.910030037889175,4.4420279914538074
5.979256429528742,3.060948692292172
5.565597744671698,3.737329055746169
5.018815502587969,7.168587519090185
5.491243131424199,3.876127345172736
5.942028175470151,3.752783042368638
9.658213152532575,5.421013302460553
5.827004820074668,4.065470563936705
2.8391025816151587,10.071480826433648
2.869689509528324,1.907174424033939
3.0484126264663383,5.842687203977263
4.596584248922888,3.2708108681999306
4.715746080981202,4.37101502104695
1.9831061308052527,2.6806172476336703
3.7130106606047906,5.909061507805097
2.9396680495851313,5.910320396687835
4.735098254752501,6.1182689127654495
5.706809942737305,3.5623133123293016
4.7016542833648405,4.560204150510593
7.275702923011647,5.566401352659245
6.376014858486437,5.434919679519947
4.371460526729348,5.611354420258208
4.740806015066198,4.013636049937993
4.999183098420213,6.639964160071959
6.710088808164672,5.134738043517554
7.547907405616013,5.850487203201909
2.823138027077233,4.740341898176771
3.243935897494666,5.1616018985703676
3.0925267394730485,7.253624183284632
5.2997885968734435,5.251486531017818
5.3954037399469845,4.403742192503451
5.19408260904716,3.7487612144050084
2.825799178820864,5.945385180048473
3.1421746447286845,8.609384011793866
4.872618679094746,5.221186485341168
5.73117623033553,5.310309151966577
4.4115667784032215,5.337677018704695
5.337086391278347,3.773198962268994
5.874479749099281,4.373077566458184
3.175663857782319,8.476132573389796
6.509055278377891,3.4316780851413986
5.495625301621703,3.8408166125405554
5.030133341840332,5.7736918910987685
2.6733013839548185,2.767036643182773
4.850920494179691,3.440010560306758
5.014738391167873,3.7255715909223754
5.937782522680673,5.167153287584841
3.0664689864693817,6.79072273868117
2.639244453428357,0.9338573514355089
5.01051748561813,4.185742975845169
4.799335825442028,4.919113546304868
2.032807402463724,2.6469508391065637
5.108508052340812,5.295552421294209
5.303515567941366,3.7061845065480843
5.6074380868052,5.592838878696294
2.5152403771118466,2.531021750697172
2.7740047641459067,5.396705795068323
4.78347761501566,4.50031047011253
4.8607950299801885,3.45729154013629
4.515602370373783,4.511588343934464
5.765281561565824,5.906851223672346
7.183627832573668,6.3860443203860795
5.628467178368682,4.892499845569275
3.022661915693454,5.35535847942711
2.687191143751845,4.566959981937247
2.860491236087703,6.77277582016872
5.217814178087172,3.7383794910758055
2.7965969629270333,18.14519977955312
3.057002141652258,4.50565806882193
5.875565051115553,5.073796981769373
3.122318433305977,6.056521495548649
3.1252398898270144,5.160904173244435
4.730984169033284,5.3381059215063305
4.376108731123794,5.252264264003433
5.057069391809645,3.7747098237626657
5.356231889607844,5.06030103121618
3.004631613579831,3.5614089741132497
6.125179912258499,6.681167744297463
5.8356784874740635,5.909480340466722
5.798895442264792,4.177340929492811
6.315138025364181,4.251167305471341
5.6311801793015075,5.00427938304992
6.370133213680429,4.727072662429508
6.419143913834363,3.166249666163214
2.596474401796307,7.292463187568435
4.796925512092175,4.413846192545862
5.288812002734504,5.602936021257925
4.674596368638209,3.8477902683569436
4.12440811777158,5.710136352876541
2.790284611979619,4.369461023653449
3.718281994934788,4.427433348378761
4.251987007877097,3.927948227626322
6.43636337595483,4.030947523810203
4.011583036675354,6.255407710486642
2.836031377592145,3.085258500831671
4.193074204583083,4.8118573148619035
3.568774861388942,5.832951207622685
4.98085352482674,5.25365674558564
2.8415509241143133,3.239193799785734
6.1974658802878615,5.7389459041234465
3.0178875466709862,8.785640454302829
5.760181973211955,5.073589111019476
4.258419405824303,4.185030693333979
6.067108515082924,4.7686676662047
5.365948153487804,3.9279830714338626
3.3759572251627885,7.188740146164074
5.305821445524401,3.2966333900839837
3.293893690580895,3.817723307771369
2.730401960497808,6.708514954383802
6.824201890126366,5.7648042717265895
3.210412519689597,5.197592296385639
5.888966582055221,7.174023625273372
5.194155981909143,4.335269581106394
5.56502537609682,4.557366604343566
4.019519759042562,5.039831768223134
5.765029597885564,4.180930292854242
4.575573165227731,3.87178929429425
3.1830461138893003,6.118136941389836
2.6954121650051004,3.501770578235208
5.020806162507866,3.646552509939591
4.915679123217801,4.970195457050204
3.373280973245267,2.585690236273169
5.2512369861920964,4.584507335760804
5.492859693801533,5.329017252862539
5.554749562780473,2.7720907812827864
3.6529097278669864,3.5208674458582383
5.846681004827831,2.9148533754110053
6.42554210825341,4.351285670749403
4.969653746884088,5.671312844372607
2.945654151593912,4.3543111267986925
5.122449371604313,2.5792601361585823
2.41387175331539,2.8933053845078103
6.412869043438547,3.3787413971696285
3.1940435070812407,2.7515757889784873
3.108797040011683,1.9883942091660274
2.8339388405716726,0.9398847295104689
2.7884478811226225,4.628573872305361
4.879657538735347,4.124699189837684
2.9865216856961685,3.8607709544019047
5.920284524163757,4.934453458217038
5.815839030182427,4.817089209812292
5.966709402091583,4.589685340719848
5.410166255859677,4.3149690874494135
6.053269659296223,4.567372977491091
2.8369303626425237,9.722654006075484
3.149011787082001,8.382512979938086
4.971333078261668,4.911624755674598
2.9912960787875518,12.460410430401538
3.8868475651070726,5.114117571138614
5.353592250506844,6.222514138086417
4.085247348875482,4.144479876123351
3.214308580240859,5.539438520636648
5.550506319830942,5.234399591161337
3.6746708821819416,5.918232526533449
5.298587664444591,4.699925656601902
3.0720019827232177,2.67203817824058
3.091813709583195,7.565482026250902
5.315209786584785,4.024782159867216
2.6273265106439867,4.799160662090958
5.819558886516675,5.063160871127279
4.521351293401578,6.062533516309917
5.9744687471583795,4.368968411625401
5.247886790938172,4.521025818982522
3.4123710612638756,4.32223029927118
4.82030679075307,4.798415574907364
2.648843029880649,3.2427792798604695
5.5387233682151225,6.170497093426755
2.4819280779400104,9.098139921943176
4.728908947236814,4.832718309079248
4.490654296641688,3.5722730400162357
6.304816851154547,4.424883047328499
5.821792689716563,4.482923338918565
5.702027924060048,6.952313897312388
3.18172466228011,4.828840227635587
5.186215698632082,3.8347879554119775
7.356940921310781,5.041366163680872
7.598964795250529,4.710335450174569
6.553892073442155,4.057819003040695
5.594253255722063,2.6583069591435544
2.2835968223097622,1.4315639026272668
3.0324765804219322,8.331400789830665
3.1033547989640335,6.442122251175292
3.413830779884392,5.466676798080765
5.183552677369538,4.600658208223006
5.992626954629745,4.041913000186568
3.1439311754326416,5.426949610789185
6.281925368176074,4.498679807281722
3.6296935887840527,4.525813384145261
3.180280434849867,5.58180593948191
4.676553758975668,5.626156280772212
2.4409830023037173,2.319450738523792
5.2679978065433035,3.78183048209978
6.071537794252828,5.199088946165252
3.6341351195027123,4.8987864419840825
5.267163351858669,7.3019679342738835
2.981148109411632,5.973706818361068
5.794285007818857,4.184271285657971
5.4295190692547415,3.9177832810451405
4.18917303904791,4.184961891216454
5.4088195203486045,4.723233230151545
5.502745203768177,5.871231050256899
5.370950563510238,3.3452525216858273
5.14437794630787,4.693989876903191
4.8945410824001785,2.5089171568633715
5.376329780023168,5.235505968152998
7.367901545756914,4.280596180313025
4.516553874560977,5.522508239498065
6.967783673238777,3.958760763687886
5.102923026447895,6.1831054085480694
3.348161629447353,11.507658688009336
3.4814985070468443,6.3381308773941285
5.262243750806108,4.357538602676247
6.599980628604445,4.579742102299765
5.784987126187533,5.421179083664226
3.52284005989434,1.7829981144574136
4.236410690777559,5.615949937148074
5.836381384083311,5.555848582613206
6.270705019042051,5.242252150088298
3.0927411123084605,6.621483479103878
7.63396168953019,5.471700665062631
5.80094887241826,5.672154978200707
6.167540417650359,4.231912890713433
2.9338670675685283,5.460224673206289
3.5620848195906527,4.4101130593022
8.057447388017827,4.74673839034119
3.953235743189746,6.152582578901392
3.6597823298312244,4.552580855810323
6.766426516077555,5.042767565307959
4.959561125117153,3.5557938491202634
4.747629630795599,5.352746571498338
2.791568279820312,5.543989614322619
5.550656596860663,5.172765628418958
5.470278017522555,5.671852728654873
2.7185576683468438,6.376982588404264
4.439312572591615,6.539851486530245
3.180542986261471,7.921534638555531
5.754632496462453,4.656048946295527
2.955387323302358,6.273130339146338
5.146896846254889,3.9373504499402214
3.238665981869532,2.757934905154505
4.142722197322259,6.051225973725926
5.485356095434681,5.074429439843419
7.511216240050812,4.149056776188429
5.458607950151166,4.192686082695719
5.278490796630054,6.1945595078383295
4.646277887668752,4.127980386717984
2.8074829833266475,5.402867833572156
5.828441755620196,4.557647061842885
2.941713299496197,4.401364936764866
4.7267555256166895,5.3886252741444505
5.554108800815266,5.436198115680868
5.865615200940121,5.555833573080883
3.787530009094919,5.27029494670783
4.68191467895617,4.754932428406635
5.992151327738781,5.712950229692263
5.415153416716875,6.169978196107251
5.069209338688552,5.071264715578565
5.83185937184271,3.2729419576384915
3.048227691984915,5.792217378080477
3.0571428407444508,9.287480390316796
6.28499769669057,5.380553189322776
6.472736227932282,5.881290356169705
3.189724071325571,3.386034268301751
2.8886212298052176,13.521184932765042
2.6301755834892036,6.596519019313071
5.6144052959693145,5.2198539803265325
3.397389886656666,8.358497308501597
5.231762406239469,4.401173654543216
5.65404826725704,3.215016878674253
3.6332584193208177,7.725854867967305
4.214868617978521,4.8814124111751696
4.93670313674451,4.561150660053383
5.605755006716236,4.047496643128682
5.4581198352283335,3.185238251324803
3.9669647097950236,4.720072173797146
3.12464411162429,6.442562476001556
5.735866794425068,4.654513186309655
5.9675100953662925,4.502669290461489
2.649719335470769,7.1434573891568345
3.7892702915477394,6.629198014808891
5.594996787578922,1.8768456871249417
1.959600510122883,0.27615184445362406
3.129587872023258,7.717514537985846
5.02667467944983,5.176769678225903
4.316608579040093,4.984221079627039
3.556426090005184,2.90460760448765
3.2813720690621855,4.830182963904926
2.6166517384438066,5.005255981851398
3.6748699722219804,4.722596415243838
6.435024254228107,5.802489779152562
1.3797312733914437,3.8719967915564744
2.965292032413222,6.416278582338231
6.34244151129127,5.331961338385063
3.0448941052454166,9.523627328210797
5.501431287963531,4.768935995758742
7.070304575580252,5.830397749107543
5.498402858554467,5.129415643227751
3.3586756385899688,2.905193460621476
2.877315037607626,3.9218990703632377
6.865403318154921,6.387721269670924
2.464324288120263,4.261246633064012
3.1818580450489407,5.8339734672645145
5.2423798779340505,3.817642531982639
5.764188547432623,3.4878470939238424
3.37804927827996,4.42609445061462
5.319856941620952,4.611391812500477
5.7525281730998135,4.03331624316271
4.9347430017474085,5.3804481806100695
5.9772549778105075,3.312315330224382
5.773743416911242,3.2248667615114037
5.951747942559939,4.547131314620865
6.309617401696567,6.216909198754013
5.854404757661061,5.337872590632092
2.9781776257288928,7.1620328627184815
3.53310564420683,6.146744605449697
3.235880652159143,1.4757411034092058
4.332802168553115,6.851907450196455
5.091312905073607,7.494022816381907
5.924245924538301,4.1356643239193644
6.119889154303517,4.2627129921580424
5.565871930168798,4.560645939689807
2.846329998057435,4.767033340121166
5.2387445205959695,4.325325335754062
5.635583148418388,4.0528900368523475
2.828376823621385,12.14298772710897
5.976602441745643,3.825435034177133
4.483673490730625,6.9728958547804805
6.04970822048492,5.253225924602823
4.778262923129299,6.3360485972587
3.3447043308646194,4.433345142395643
3.1065659010903444,6.6110065528784405
3.1175343317264956,8.703337491338246
3.4170456575540356,6.486482471697824
4.650261726606778,3.471075644007001
7.399484465960505,3.9770500718192876
2.8020384550413318,14.196570306651147
6.9494003067797605,4.595814244368236
5.222776845746644,5.86620877809457
4.314109139956166,3.967020774301469
5.863793453721842,5.02451213443134
3.260595823739184,5.66706685052495
6.184812934517303,3.231611759267138
2.8332360027465517,5.478793095052957
5.45465957769607,4.432575873179059
6.072270069653947,4.623784659433856
4.646514997607774,3.8448178417985917
4.721925492046515,5.052366323190136
4.478170956913436,4.922955292900044
5.786640928601892,3.142613166285085
6.093437144929409,4.298896404864459
6.021178032862638,5.179093903508738
6.7051672443917045,5.220351365202829
6.819761934396698,4.650905836660082
3.041139733464644,7.368765663210312
5.7529291479067295,5.620712839228547
2.836783418005364,5.976981656626134
3.168581760361775,10.790058667895773
6.938599087486618,4.895142612216967
5.699065838504161,4.0117603723431845
2.934096692327116,4.042882708099545
2.8177937425530355,14.836558415644951
3.0250735692676893,3.4404518895429224
5.978400634957436,4.161879528787349
6.359422439722023,4.538425123949503
3.0336753961047385,12.79297634116974
3.403495950587004,2.6829925082029935
1.9967231038579487,5.057127613453561
3.1014729325037225,7.5052652147760135
5.28384236087343,3.965739140859883
5.208583283822345,4.638981565273708
6.203563262858492,4.069184044598023
3.1430284656388197,5.197597847269405
5.4837694654565095,5.19313953054397
3.0772223132575447,8.601530147124583
5.630632193764596,5.142442337859924
5.396564463452805,4.95595468025181
5.332464440018735,3.898411492445008
3.1010591539946386,5.671484895009284
2.948603180439236,6.705646981226246
5.920974166266313,2.9168550220517773
5.39117647238215,3.36483602782452
2.824623107716572,8.339059635938641
4.202772246149517,4.593620785262931
4.345814720499693,6.235478597464146
5.919698358549955,5.248045041481033
5.454075962387461,2.825348063162761
5.526008054631164,5.059744699448822
5.089096550042699,5.9440749576735445
3.1261730153877587,2.620274289487922
4.942135809099817,5.079099820545822
2.818309720135988,1.6808171043316422
5.90516300838426,2.550958869809803
4.376846374394832,5.462866822254905
6.908223884073737,5.647860817486507
3.781560263198844,2.3373691205512728
3.626220603923414,2.296880020948975
5.97137657226575,5.606230205884345
3.277580772598675,2.59883015138978
3.141237579200263,3.5902556141405246
4.620729701207001,4.062913880381512
3.0480421344636626,4.123881168300862
4.710104047856603,4.2741359575067746
3.494517301941764,3.127824259129426
6.1152789879658505,4.441487609433526
3.0957201246541257,4.7434744426574
6.667997976973634,3.3367473821873013
5.5435054270628745,3.7621184054633376
5.520805174348007,3.3808675821523915
4.901816290458444,4.206946223869425
4.755253048834456,4.466252178241323
5.111617106189799,4.566166359091624
6.542303958029976,4.838374235975163
5.984760576377517,5.203213762294692
3.0171721208905176,4.909341824262825
2.9670821135166476,3.5699915469284154
3.2525636407343352,4.891879161783079
2.6116060553236204,5.271576338171053
3.9462258925302116,5.3819630334848085
3.1016242904449474,5.014701825279437
5.252331415490652,7.4258269689509095
2.912385162448789,3.0437884363361167
5.984517939676827,4.105537442693971
5.809517880174565,5.907595569308995
3.040053902829359,3.204472291750567
3.0756630780028646,4.598356393885048
3.1090294254703834,9.273016399339944
3.3257505579962308,3.999726355279995
2.7825140658320957,5.064227552351881
3.9193035928718922,5.017750972207175
5.260423146561498,6.547126279542768
2.795286262452569,5.566902090762541
3.6126410094029806,2.8041865526629177
3.2645762780895122,4.245767550906663
2.9050829377361955,4.088897454928951
8.966108892394022,4.726902716044025
2.3257309076712187,4.417449856651834
2.8495047941357226,3.3710810749498785
2.9744160990400195,8.780445195557704
6.0632184340021515,6.414254883348469
2.9749029984784983,8.375006717039435
3.012571852046366,3.1537993176187733
3.1493851566623396,5.006050732326
5.606954504747331,3.3988198769734135
5.950852540661178,2.7186275176150048
5.098399338195382,2.9648118614695376
5.722503280570506,4.596798495968689
3.6601858568009153,7.372096540607235
6.259541838366441,4.3390653766046805
3.0535234765454415,6.284561457106076
5.822362377032104,5.323239582192279
1.0842219377134166,5.240920712456153
6.145208590588503,4.088337623831247
6.349683948772701,3.3705990980153357
3.181265630488326,6.6809698357153815
6.368771216493547,3.796934855721488
4.3342958450184605,5.923654155368912
5.756328266181887,6.622195056925571
3.9585401184715656,5.632013097679421
2.2893142727536584,2.8156295294093754
6.0510828199597695,4.404997584509622
2.524821552539556,3.6784287878004545
4.8901383309500615,5.524510268314084
2.9031465072290588,12.532675229193696
4.677396416234539,4.247665162533181
4.231817247399427,4.3062779601321255
4.584409448060348,3.7362496805934784
3.4614366352907813,3.545837842176579
3.152457691361595,3.4818064188242754
4.5583357993865885,5.012992840172753
0.880620742053356,2.144403379273486
6.091362430358704,5.730477842787572
5.760637965227044,4.125633185593501
3.2193417953357244,4.7214664728399764
3.432650142714995,9.828063464142392
5.620954197507433,4.382901275939491
2.4353651740056432,6.247633418069777
5.303085038389652,4.850766914820011
5.811246311619954,3.4527405767568498
5.776672645270738,5.200399500480293
5.292303903731755,3.5536926454698863
4.5850349188353094,2.958814769775583
5.696629653046585,4.6691335981955575
3.4830033267072933,4.947741017965605
4.7643944138535055,6.04826437639081
5.39437836019436,4.478071683333008
5.175246254881835,4.87230173055175
3.982564478720372,6.351184328459
7.042796558886366,5.752784437364372
2.3083516040905936,8.031040298626765
3.213059694694155,9.69107832197026
2.9978854707592912,8.364439594118545
5.580302494689721,6.485691665785589
1.56110146249169,1.3336281295232493
5.598616938703523,4.832881778516225
3.111047807786513,8.070271046447385
3.3112781910655924,6.834430378197824
3.6131927498674115,2.8137067543730683
6.525702967308024,5.11138506133108
5.788008707242232,5.602909868948077
5.867992052432795,5.042017899708279
4.6065761747071114,2.7753853629528082
3.1459385569033107,3.1085868075507745
5.401163058659049,4.523941254698556
3.1579938985353686,6.850860886456758
5.510008451091752,5.179809844048208
3.946131630118159,6.173562343755602
3.7815717458796163,4.575844741769057
2.9071971994050685,9.839186090715408
2.310647534419874,3.6455409117525166
3.165835106631266,8.702790930086493
4.8772023652193575,5.18186493445421
4.829471631021108,4.589255429591305
4.56085747881834,4.9868579343714
3.491843607611351,6.328049849725333
5.742307071976048,3.8863971683851224
4.186819653652907,0.4529342793762873
4.845170612812742,6.089137183913362
5.298555676791671,6.247426336823681
2.3817394267691947,5.168986599850495
6.603155829030203,5.007738334421619
2.5691646081676933,6.181757788031932
1.6953486537970086,3.8942277047846936
4.765500309551443,4.94831009854088
2.7132104284361827,4.350617474772268
5.9474638457246245,4.216472206778204
6.079517454356173,3.449748579714713
4.67716988813785,4.827379988598417
4.749310737261599,3.9276061553059756
5.558831588066987,2.905241500394806
5.720302960357845,5.160298343560103
5.4940445745570905,5.202626814879751
4.963465336468843,4.326609781250032
2.557034954618012,6.4662018314127145
3.014203622882074,4.839696865568939
4.839325807336914,4.159920328249501
3.0684500849882315,16.51678926448534
2.504322773181184,4.162919170475522
3.3087686200093214,3.167300854276601
4.5379869104935615,5.338480613689033
3.1461787693455476,8.45474584059992
5.544463435219021,3.75483447287308
7.032364018947388,4.482193912459078
5.437450639584109,3.254204402494992
7.078286808811994,4.424980303545586
4.0899709545942455,4.9475542335044995
5.496265881118068,4.845753172603906
6.483889529563138,4.200856166971528
5.306107062015024,3.1762678887962754
2.8172246355610437,4.497259865098705
5.922440013116569,4.252906817884815
2.945434860353757,4.9983695259671865
